{
  "bonus_days": [
   {
      "id": 5,
      "name": "БОМЖА",
      "description": "КЕЙС БОМЖА",
      "type_id": 11,
      "award_id": 2,
      "count": 1,
      "type_reward": 0
  },
  {
      "id": 10,
      "name": "БОМЖА",
      "description": "КЕЙС БОМЖА",
      "type_id": 11,
      "award_id": 2,
      "count": 1,
      "type_reward": 0
  },
  {
      "id": 15,
      "name": "БОМЖА",
      "description": "КЕЙС БОМЖА",
      "type_id": 11,
      "award_id": 2,
      "count": 1,
      "type_reward": 0
  },
  {
    "id": 20,
    "name": "БОМЖА Х2",
    "description": "КЕЙС БОМЖА Х2",
    "type_id": 11,
    "award_id": 2,
    "count": 2,
    "type_reward": 0
},
  {
      "id": 30,
      "name": "СТАНДАРТНЫЙ",
      "description": "СТАНДАРТНЫЙ КЕЙС",
      "type_id": 11,
      "award_id": 3,
      "count": 1,
      "type_reward": 0
  }

  ],
  "main_days": [
   {
      "id": 1,
      "name": "VIP GOLD",
      "description": "VIP GOLD НА 8 ч.",
      "type_id": 1,
      "award_id": 1,
      "count": 8,
      "type_reward": 0
  },
  {
      "id": 2,
      "name": "10 BC",
      "description": "10 BC",
      "type_id": 3,
      "award_id": 0,
      "count": 10,
      "type_reward": 0
  },
  {
      "id": 3,
      "name": "2500 BP EXP",
      "description": "2500 BLACK PASS EXP",
      "type_id": 7,
      "award_id": 0,
      "count": 2500,
      "type_reward": 0
  },
  {
      "id": 4,
      "name": "AUDI 12Ч.",
      "description": "AUDI A4 НА 12Ч.",
      "name_store": "AURA 12Ч.",
      "description_store": "AURA 4 НА 12Ч.",
      "type_id": 5,
      "award_id": 507,
      "count": 12,
      "type_reward": 0
  },
  {
      "id": 5,
      "name": "X2 НА 24ч",
      "description": "X2 КУПОН НА 24 ч.",
      "type_id": 4,
      "award_id": 0,
      "count": 24,
      "type_reward": 0
  },
  {
      "id": 6,
      "name": "10000 ₽",
      "description": "10000 ₽",
      "type_id": 2,
      "award_id": 0,
      "count": 10000,
      "type_reward": 0
  },
  {
      "id": 7,
      "name": "ОЧКИ ЛИДЕРА",
      "description": "ОЧКИ ЛИДЕРА",
      "type_id": 8,
      "award_id": 1231,
      "count": 703,
      "type_reward": 1
  },
  {
      "id": 8,
      "name": "SILVER VIP",
      "description": "VIP SILVER НА 8 ч.",
      "type_id": 1,
      "award_id": 0,
      "count": 8,
      "type_reward": 0
  },
  {
      "id": 9,
      "name": "10 BC",
      "description": "10 BC",
      "type_id": 3,
      "award_id": 0,
      "count": 10,
      "type_reward": 0
  },
  {
      "id": 10,
      "name": "2500 BP EXP",
      "description": "2500 BLACK PASS EXP",
      "type_id": 7,
      "award_id": 0,
      "count": 2500,
      "type_reward": 0
  },
  {
      "id": 11,
      "name": "CAMRY 12ч",
      "description": "TOYOTA CAMRY 2019 НА 12 ч.",
      "name_store": "CAMRITA 12ч",
      "description_store": "CAMRITA 2019 НА 12 ч.",
      "type_id": 5,
      "award_id": 550,
      "count": 12,
      "type_reward": 0
  },
  {
      "id": 12,
      "name": "3 EXP",
      "description": "3 EXP",
      "type_id": 6,
      "award_id": 0,
      "count": 3,
      "type_reward": 0
  },
  {
      "id": 13,
      "name": "12500 ₽",
      "description": "12500 ₽",
      "type_id": 2,
      "award_id": 0,
      "count": 12500,
      "type_reward": 0
  },
  {
      "id": 14,
      "name": "КОРОЛЕВА",
      "description": "КОРОЛЕВА МАНИПУЛЯЦИЙ",
      "type_id": 9,
      "award_id": 6812,
      "count": 0,
      "type_reward": 1
  },
  {
      "id": 15,
      "name": "SILVER VIP",
      "description": "VIP SILVER НА 8 ч.",
      "type_id": 1,
      "award_id": 0,
      "count": 8,
      "type_reward": 0
  },
  {
      "id": 16,
      "name": "15 BC",
      "description": "15 BC",
      "type_id": 3,
      "award_id": 0,
      "count": 15,
      "type_reward": 0
  },
  {
      "id": 17,
      "name": "2500 BP EXP",
      "description": "2500 BLACK PASS EXP",
      "type_id": 7,
      "award_id": 0,
      "count": 2500,
      "type_reward": 0
  },
  {
      "id": 18,
      "name": "KIA 12ч",
      "description": "KIA K5 GT LINE НА 12 ч.",
      "name_store": "ELEGANT 12ч",
      "description_store": "ELEGANT 5 НА 12 ч.",
      "type_id": 5,
      "award_id": 2584,
      "count": 12,
      "type_reward": 0
  },
  {
      "id": 19,
      "name": "5 EXP",
      "description": "5 EXP",
      "type_id": 6,
      "award_id": 0,
      "count": 5,
      "type_reward": 0
  },
  {
      "id": 20,
      "name": "15000 ₽",
      "description": "15000 ₽",
      "type_id": 2,
      "award_id": 0,
      "count": 15000,
      "type_reward": 0
  },
  {
      "id": 21,
      "name": "ПУСТОТА",
      "description": "БЕСКОНЕЧНАЯ ПУСТОТА",
      "type_id": 9,
      "award_id": 6811,
      "count": 0,
      "type_reward": 1
  },
  {
      "id": 22,
      "name": "SILVER VIP",
      "description": "SILVER VIP НА 8 ч.",
      "type_id": 1,
      "award_id": 0,
      "count": 8,
      "type_reward": 0
  },
  {
      "id": 23,
      "name": "20 BC",
      "description": "20 BC",
      "type_id": 3,
      "award_id": 0,
      "count": 20,
      "type_reward": 0
  },
  {
      "id": 24,
      "name": "2500 BP EXP",
      "description": "2500 BLACK PASS EXP",
      "type_id": 7,
      "award_id": 0,
      "count": 2500,
      "type_reward": 0
  },
  {
      "id": 25,
      "name": "BMW 12ч",
      "description": "BMW M4 F84 НА 12 ч.",
      "name_store": "BOOMER 12ч",
      "description_store": "BOOMER 4 F84 НА 12 ч.",
      "type_id": 5,
      "award_id": 558,
      "count": 12,
      "type_reward": 0
  },
  {
      "id": 26,
      "name": "6 EXP",
      "description": "6 EXP",
      "type_id": 6,
      "award_id": 0,
      "count": 6,
      "type_reward": 0
  },
  {
      "id": 27,
      "name": "17500 ₽",
      "description": "17500 ₽",
      "type_id": 2,
      "award_id": 0,
      "count": 17500,
      "type_reward": 0
  },
  {
      "id": 28,
      "name": "ЖИЛЕТ ГЕРОЯ",
      "description": "ЖИЛЕТ ГЕРОЯ",
      "type_id": 8,
      "award_id": 1230,
      "count": 704,
      "type_reward": 1
  },
  {
      "id": 29,
      "name": "SILVER VIP",
      "description": "VIP SILVER НА 8Ч.",
      "type_id": 1,
      "award_id": 0,
      "count": 8,
      "type_reward": 0
  },
  {
      "id": 30,
      "name": "25 BC",
      "description": "25 BC",
      "type_id": 3,
      "award_id": 0,
      "count": 25,
      "type_reward": 0
  },
  {
      "id": 31,
      "name": "2500 BP EXP",
      "description": "2500 BLACK PASS EXP",
      "type_id": 7,
      "award_id": 0,
      "count": 2500,
      "type_reward": 0
  },
  {
      "id": 32,
      "name": "TAYCAN 12ч",
      "description": "PORSCHE TAYCAN TURBO НА 12 ч.",
      "name_store": "TAIGAN 12ч",
      "description_store": "TAIGAN НА 12 ч.",
      "type_id": 5,
      "award_id": 2581,
      "count": 12,
      "type_reward": 0
  },
  {
      "id": 33,
      "name": "9 EXP",
      "description": "9 EXP",
      "type_id": 6,
      "award_id": 0,
      "count": 9,
      "type_reward": 0
  },
  {
      "id": 34,
      "name": "20000 ₽",
      "description": "20000 ₽",
      "type_id": 2,
      "award_id": 0,
      "count": 20000,
      "type_reward": 0
  },
  {
      "id": 35,
      "name": "SUBARU WRX",
      "description": "SUBARU WRX STI",
      "name_store": "SYBERIA",
      "description_store": "SYBERIA WINR",
      "type_id": 10,
      "award_id": 560,
      "count": 0,
      "subcount": 6,
      "type_reward": 1
  }

  ],
  "properties": {
    "season_color": "#FFE2310C",
    "season_name": "РАСЦВЕТ САКУРЫ",
    "days_color_one": "#FFFFFFFF",
    "days_color_two": "#E2310C",
    "season_days": 49,
    "bg_season_calendar": "bg_season_calendar.png",
    "ic_season_calendar": "ic_season_calendar.svg"
  }
}