{
  "waitTimeDuration": 5.0,
  "skipButtonTime": 3.0,
  "videos": [
    {
      "comment": "тестовое видео для QA с флагом пропуска",
      "videoName": "big_buck_bunny",
      "skipFlag": 1
    },
	{
      "comment": "тестовое видео для QA без флага пропуска",
      "videoName": "maxwell",
      "skipFlag": 0
    },
	{
      "comment": "тестовое видео для QA без флага пропуска",
      "videoName": "polish_cow",
      "skipFlag": 1
    }
  ]
}