[{"nickname": "Max_Kalash"}, {"nickname": "Black_Russia"}, {"nickname": "Egor_Sharov"}, {"nickname": "Grand_Persona"}, {"nickname": "Persona_Persona"}, {"nickname": "Sander_Kligan"}, {"nickname": "Luisa_Ossi"}, {"nickname": "Lev_Kalashnikov"}, {"nickname": "Youtube_Manager"}, {"nickname": "Actor_Manager"}, {"nickname": "Black_Boss"}, {"nickname": "Clarence_Crown"}, {"nickname": "Black_Content"}, {"nickname": "Dmitry_Dmitrich"}, {"nickname": "Myron_Capone"}, {"nickname": "Teodosic_Qwerty"}, {"nickname": "Tech_Curator"}, {"nickname": "Tech_DeputyChief"}, {"nickname": "Tech_SupportA"}, {"nickname": "Tech_SupportB"}, {"nickname": "Tech_SupportC"}, {"nickname": "Community_Manager"}, {"nickname": "Mister_M"}, {"nickname": "Dima_Gaydarov"}, {"nickname": "Avgust_Lens"}, {"nickname": "Shawty_Triada"}, {"nickname": "Depo_Boulevard"}, {"nickname": "Jony_Tenside"}, {"nickname": "Bloody_Tokaev"}, {"nickname": "Vishnya_Vishnev"}, {"nickname": "Alisher_Alievich"}, {"nickname": "Dima_Tigrov"}, {"nickname": "Mad_Mad"}, {"nickname": "Gutak_Yupi"}, {"nickname": "Mark_Norbisenko"}, {"nickname": "Mirty_Snake"}, {"nickname": "Chplink_Goro"}, {"nickname": "Alan_Kuertov"}, {"nickname": "John_Reflex"}, {"nickname": "Chinchipos_Hokage"}, {"nickname": "Guss_Tornadovich"}, {"nickname": "Thomas_Emperor"}, {"nickname": "Rick_Deadpools "}, {"nickname": "Kostika_Ivanovich"}, {"nickname": "Flawio_Moscowski"}, {"nickname": "Vova_Skrudzh"}, {"nickname": "Bruno_Cardoso"}, {"nickname": "Kiza_Sheih"}, {"nickname": "Alfred_Black"}, {"nickname": "Suxo_Sadirov"}, {"nickname": "Maksim_Maksimych"}, {"nickname": "Bad_Boy"}, {"nickname": "Maxim_Ryazantsev"}, {"nickname": "Anton_Logarov"}, {"nickname": "Angel_Ricardo"}, {"nickname": "Floxy_TImov"}, {"nickname": "Richard_Rediskin"}, {"nickname": "Tigr_Makaka"}, {"nickname": "Steven_Benzo"}, {"nickname": "Abo_Manroe"}, {"nickname": "Deniska_Medvedew"}, {"nickname": "Ivan_Yakubin"}, {"nickname": "Vlad_Vogas"}, {"nickname": "Omar_Storm"}, {"nickname": "Nurda_Jerry"}, {"nickname": "Penthouse_Shordy"}, {"nickname": "Santy_Tayner"}, {"nickname": "Dmitriy_Forbes"}, {"nickname": "Difisa_King"}, {"nickname": "Jony_Haunted"}, {"nickname": "Brawl_Guy"}, {"nickname": "Sergey_Brunov"}, {"nickname": "Kirill_Tetyv"}, {"nickname": "Daisy_Skrudzh"}, {"nickname": "Vladimir_Benz"}, {"nickname": "Jordan_Majorka"}, {"nickname": "Kerim_Fazer"}, {"nickname": "Fernando_Nochnikov"}, {"nickname": "Bounty_Capone"}, {"nickname": "Pavel_Mortan"}, {"nickname": "Artem_Golds"}, {"nickname": "Jackson_Storm"}, {"nickname": "Kirill_Zapad"}, {"nickname": "Dex_Qazaqbai"}, {"nickname": "Erhan_Best"}, {"nickname": "Max_Frunstain"}, {"nickname": "Kenzo_Kivasik"}, {"nickname": "Egorka_Favorite"}, {"nickname": "Artem_Ronevskiy"}, {"nickname": "Fedysha_Mitchell"}, {"nickname": "Mars_Relax"}, {"nickname": "Romeo_Crmp"}, {"nickname": "Aleksandr_Peeters"}, {"nickname": "Ivan_Benovich"}, {"nickname": "Artur_Mityaev"}, {"nickname": "Cheap_Trainor"}, {"nickname": "Vlad_Croups"}, {"nickname": "Tim_Tazikov"}, {"nickname": "Nurhan_Wolkers"}, {"nickname": "Samp_Smouk"}, {"nickname": "Kairat_Nurtass"}, {"nickname": "Bob_Bobychev"}, {"nickname": "Svatoslav_Watson"}, {"nickname": "Van_Chik"}, {"nickname": "Tolik_Topih"}, {"nickname": "Alik_Rich"}, {"nickname": "Richard_Lipton"}, {"nickname": "Sander_Clinton"}, {"nickname": "Sergo_Escobar"}, {"nickname": "Martag_Majorka"}, {"nickname": "Semen_Igonkin"}, {"nickname": "Amirka_Domimirov"}, {"nickname": "Dmitry_Tarantino"}, {"nickname": "Ryder_Wilson"}, {"nickname": "Vladislav_Smouk"}, {"nickname": "Ibragim_Ryan"}, {"nickname": "Egor_Feoriss"}, {"nickname": "Santy_Louston"}, {"nickname": "Wegraff_Faraday"}, {"nickname": "Filip_Liga"}, {"nickname": "Cody_Ryan"}, {"nickname": "Angel_TikTok"}, {"nickname": "Cosatka_Crips"}, {"nickname": "Daniil_Katanov"}, {"nickname": "Thomas_Harada"}, {"nickname": "Alex_Slobozh"}, {"nickname": "Amirka_Dominirov"}, {"nickname": "Kenan_Agressor"}, {"nickname": "Lesha_Bobowa"}, {"nickname": "Kenzo_Edwards"}, {"nickname": "Zhenya_Marlov"}, {"nickname": "Angell_Disney"}, {"nickname": "Pablo_Karimov"}, {"nickname": "Kolya_Fingal"}, {"nickname": "Shawty_Triad"}, {"nickname": "Huevo_Deneg"}, {"nickname": "Vishnya_Vishnya"}, {"nickname": "Alievich_Alievich"}, {"nickname": "Dimasta_Gaydarov"}, {"nickname": "Dima_Yakimov"}, {"nickname": "Yupi_Yupi"}, {"nickname": "Norbis_Kvin"}, {"nickname": "Mirty_Mirty"}, {"nickname": "Chplink_Horo"}, {"nickname": "Alan_Kuert"}, {"nickname": "Mr_Kuertov"}, {"nickname": "Petya_Sharikov"}, {"nickname": "Chip_Koko"}, {"nickname": "Promo_Guss"}, {"nickname": "Young_Emperor"}, {"nickname": "Sandy_Emperor"}, {"nickname": "Bomj_Deadpools "}, {"nickname": "Bomj_Kakahin"}, {"nickname": "Biba_Moscowski"}, {"nickname": "Vivik_Skrudzh"}, {"nickname": "Bruno_Katalkin"}, {"nickname": "Bruno_Drifted"}, {"nickname": "Maga_Sheih"}, {"nickname": "Kevin_Levron"}, {"nickname": "Ruslan_Trips"}, {"nickname": "Timoha_Maksimych"}, {"nickname": "Bad_Boev"}, {"nickname": "Gleb_Glebovich"}, {"nickname": "Nik_Makakov"}, {"nickname": "Actor_Ricardo"}, {"nickname": "Stepka_Petrov"}, {"nickname": "Richard_Dize"}, {"nickname": "Oleg_Olegovich"}, {"nickname": "Egor_Benzo"}, {"nickname": "Xan_Mozreoma"}, {"nickname": "Egorchik_Geek"}, {"nickname": "Ilya_Halin"}, {"nickname": "Dima_Vogas"}, {"nickname": "Vlad_Vidoc"}, {"nickname": "Dima_Kuznetsov "}, {"nickname": "Neko_King"}, {"nickname": "Haunted_Jony"}, {"nickname": "Dark_King"}, {"nickname": "Maga_Bruno"}, {"nickname": "Kirill_Tetyvv"}, {"nickname": "Benz_Squad"}, {"nickname": "Rolls_Majorka"}, {"nickname": "Toha_Fazer"}, {"nickname": "Artur_Micro"}, {"nickname": "Top_Drister"}, {"nickname": "Tayler_Mortan"}, {"nickname": "Henry_Golds"}, {"nickname": "Jack_Storm"}, {"nickname": "Batek_Zapadov"}, {"nickname": "Dex_Tiktok"}, {"nickname": "Erhan_Tiktok"}, {"nickname": "Bomj_Kivasik"}, {"nickname": "Zam_Favorite"}, {"nickname": "Fedysha_Wengallbi"}, {"nickname": "Fedysha_Fedysha"}, {"nickname": "Amir_Relax"}, {"nickname": "Evgeniy_Crmp"}, {"nickname": "Denis_Zholydev"}, {"nickname": "Ivan_Benovichh"}, {"nickname": "\u0001"}, {"nickname": "Vlad_Mitchell"}, {"nickname": "Tyler_Durden"}, {"nickname": "Egor_Lepsov"}, {"nickname": "Smouk_Twix"}, {"nickname": "Kairat_Kairat"}, {"nickname": "Pyatachok_Croupss"}, {"nickname": "Svatoslav_Rockstar"}, {"nickname": "Mashka_Kakashka"}, {"nickname": "Alik_Kartonov"}, {"nickname": "Rich_Richi"}, {"nickname": "Sanya_Clinton"}, {"nickname": "Clonesy_Dominirov"}, {"nickname": "Dmitry_Dmitry"}, {"nickname": "Ryder_Ryder"}, {"nickname": "Armed_Smouk"}, {"nickname": "Finn_Louston"}, {"nickname": "Michael_Faraday"}, {"nickname": "Peter_Parker"}, {"nickname": "Young_Ryan"}, {"nickname": "Adik_Turan"}, {"nickname": "Angel_Tiktoker"}, {"nickname": "Kalcor_Obezyana"}, {"nickname": "Alex_Zhukov"}, {"nickname": "Ken_Agressor"}, {"nickname": "Lesha_Bobka"}, {"nickname": "Kenzo_Edwardss"}, {"nickname": "Charlie_Vlasov"}, {"nickname": "Zahar_Afanasev"}, {"nickname": "Luis_Gray"}, {"nickname": "Dmitry_Donskoy "}, {"nickname": "Amon_Viton "}, {"nickname": "Samp_Samp"}, {"nickname": "Kirill_Zikalov"}, {"nickname": "Denis_Burmich"}, {"nickname": "Maks_Pupkov"}, {"nickname": "Actor_Lens"}, {"nickname": "Ilya_Lebowski"}, {"nickname": "Kate_Bobowa"}, {"nickname": "Martin_Wilston"}, {"nickname": "Tyler_Creator"}, {"nickname": "Dima_Dima"}, {"nickname": "Makar_Topov"}, {"nickname": "Vinny_Croupss"}, {"nickname": "Kirill_Zika"}, {"nickname": "Bara_Pivo"}, {"nickname": "Letenant_Platonov"}, {"nickname": "General_Serov"}, {"nickname": "Keoner_Hestli"}, {"nickname": "Streat_Lega"}, {"nickname": "Kama_Bulling"}, {"nickname": "Rafael_Tinbakov"}, {"nickname": "Dmitry_Zloy"}, {"nickname": "Letsy_Space"}, {"nickname": "Amiks_Sarovich"}, {"nickname": "Twizzlix_Lanore"}, {"nickname": "Beast_Gaming"}, {"nickname": "Grand_Tesla"}, {"nickname": "Bloody_Arabov"}, {"nickname": "Vitalya_Lipton"}, {"nickname": "Christopher_Flannery"}, {"nickname": "Katya_Kat"}, {"nickname": "Rick_Deadpols"}, {"nickname": "Aibar_Zhumabaevv"}, {"nickname": "Ilya_Armonik"}, {"nickname": "Qazyna_Tiktok"}, {"nickname": "Jony_Jony"}, {"nickname": "Claus_Feendov"}, {"nickname": "Tony_Drefich"}, {"nickname": "Saymon_Winstone"}, {"nickname": "Floxy_Time"}, {"nickname": "Aleksandr_Bellov"}, {"nickname": "Roma_Konstantinov"}, {"nickname": "Maks_Evans"}, {"nickname": "Alexandro_Mongano"}, {"nickname": "Martin_Gapparov"}, {"nickname": "Danil_Orskiy"}, {"nickname": "Oleg_Bublikov"}, {"nickname": "Vanya_Veklich"}, {"nickname": "Walter_Rivera"}, {"nickname": "Tema_Pafos"}, {"nickname": "Meison_Fearless"}, {"nickname": "Bloody_Kibutsuji"}, {"nickname": "Luk_Fazer"}, {"nickname": "Dancho_Pancho"}, {"nickname": "Ponchik_Tiktok"}, {"nickname": "Aibar_Zhumabaev"}, {"nickname": "Chplink_Tatarin"}, {"nickname": "Scally_Winstone"}, {"nickname": "Promo_Keoner"}, {"nickname": "Promo_Streat"}, {"nickname": "Soslan_Bander"}, {"nickname": "Rafael_Horo"}, {"nickname": "Letsy_Spacee"}, {"nickname": "Mohmad_Sarovich"}, {"nickname": "Twizzlex_Lanore"}, {"nickname": "Freezy_TikTok"}, {"nickname": "Erhan_Tiktoker"}, {"nickname": "Clarence_Tesla"}, {"nickname": "Bloody_Kamado"}, {"nickname": "Archi_Liptonic"}, {"nickname": "Benjamin_Flannery"}, {"nickname": "Maks_Krutoy"}, {"nickname": "Justin_Ryan"}, {"nickname": "Illya_Arzik"}, {"nickname": "Brawl_King"}, {"nickname": "Nubik_Play"}, {"nickname": "Qazyna_Tvink"}, {"nickname": "CIaus_Feendov"}, {"nickname": "Yura_Drefich"}, {"nickname": "Mirty_Mirtyha"}, {"nickname": "Stepan_Colov"}, {"nickname": "Aleksandr_Belov"}, {"nickname": "Cago_Sheih"}, {"nickname": "Skiper_Sheih"}, {"nickname": "Maga_Benena"}, {"nickname": "Sultan_Sulatnov"}, {"nickname": "Evans_Evans"}, {"nickname": "Nurda_Forbes"}, {"nickname": "Vanya_Makarka"}, {"nickname": "Memchik_Mem"}, {"nickname": "Maga_Nelson"}, {"nickname": "Matthew_Moore"}, {"nickname": "Almas_Bludakov"}, {"nickname": "Dancho_Ponchik"}, {"nickname": "Ponchik_Tvink"}, {"nickname": "Aibar_Zigo"}, {"nickname": "Tyler_Choppa"}, {"nickname": "Claus_TikTok"}, {"nickname": "Milana_Hamova"}, {"nickname": "Marina_Hamova"}, {"nickname": "Genka_Penka"}, {"nickname": "Artur_Man"}, {"nickname": "Artur_Pedro"}, {"nickname": "Diss_Falk"}, {"nickname": "Diss_Gaming"}, {"nickname": "Teyls_Shorts"}, {"nickname": "Guss_TikTok"}, {"nickname": "Diss_YouTube"}, {"nickname": "Sultan_Sultanov"}, {"nickname": "Devid_Konstantinov"}, {"nickname": "Rayn_White"}, {"nickname": "Artemiy_Wright"}, {"nickname": "Artemiy_Test"}, {"nickname": "Artemiy_Tests"}, {"nickname": "Aleksandr_Bellovv"}, {"nickname": "Promo_Bobka"}, {"nickname": "Alexandr_Bellov"}, {"nickname": "Actor_Serial"}, {"nickname": "Serial_Actor"}, {"nickname": "Angel_Original"}, {"nickname": "Alex_Mongano"}, {"nickname": "Mars_Tiktok"}, {"nickname": "Dex_Video"}, {"nickname": "Need_Drive"}, {"nickname": "Keoner_TikTok"}, {"nickname": "Vitalya_Stark"}, {"nickname": "Vitalya_Starks"}, {"nickname": "Walter_Biggest"}, {"nickname": "Ilya_Arzik"}, {"nickname": "Maha_Mahova"}]