{
   "array":[
	   {
			"id":1,
			"name":"Продать лицензию",
			"type":1,
			"org":1
		},
		{
			"id":2,
			"name":"Выпустить из тюрьмы",
			"type":1,
			"org":1
		},
		{
			"id":3,
			"name":"Выдать военный билет",
			"type":1,
			"org":2
		},
		{
			"id":4,
			"name":"Выдать микрофон",
			"type":1,
			"org":3
		},
		{
			"id":5,
			"name":"Провести обыск",
			"type":1,
			"org":4
		},
		{
			"id":6,
			"name":"Надеть наручники",
			"type":1,
			"org":4
		},
		{
			"id":7,
			"name":"Снять наручники",
			"type":1,
			"org":4
		},
		{
			"id":8,
			"name":"Удалить из базы розыска",
			"type":1,
			"org":4
		},
		{
			"id":9,
			"name":"Арест игрока",
			"type":1,
			"org":4
		},
		{
			"id":10,
			"name":"Забрать права",
			"type":1,
			"org":4
		},
		{
			"id":11,
			"name":"Посадить в машину",
			"type":1,
			"org":4
		},
		{
			"id":12,
			"name":"Вести за собой",
			"type":1,
			"org":4
		},
		{
			"id":13,
			"name":"Вытащить игрока из машины",
			"type":1,
			"org":4
		},
		{
			"id":14,
			"name":"Провести обыск",
			"type":1,
			"org":5
		},
		{
			"id":15,
			"name":"Надеть наручники",
			"type":1,
			"org":5
		},
		{
			"id":16,
			"name":"Снять наручники",
			"type":1,
			"org":5
		},
		{
			"id":17,
			"name":"Забрать права",
			"type":1,
			"org":5
		},
		{
			"id":18,
			"name":"Посадить в машину",
			"type":1,
			"org":5
		},
		{
			"id":19,
			"name":"Вести за собой",
			"type":1,
			"org":5
		},
		{
			"id":20,
			"name":"Вытащить игрока из машины",
			"type":1,
			"org":5
		},
		{
			"id":21,
			"name":"Посмотреть штрафы",
			"type":1,
			"org":5
		},
		{
			"id":22,
			"name":"Провести обыск",
			"type":1,
			"org":6
		},
		{
			"id":23,
			"name":"Надеть наручники",
			"type":1,
			"org":6
		},
		{
			"id":24,
			"name":"Снять наручники",
			"type":1,
			"org":6
		},
		{
			"id":25,
			"name":"Вести за собой",
			"type":1,
			"org":6
		},
		{
			"id":26,
			"name":"Провести обыск",
			"type":1,
			"org":7
		},
		{
			"id":27,
			"name":"Надеть наручники",
			"type":1,
			"org":7
		},
		{
			"id":28,
			"name":"Снять наручники",
			"type":1,
			"org":7
		},
		{
			"id":29,
			"name":"Вести за собой",
			"type":1,
			"org":7
		},
		{
			"id":30,
			"name":"Выписать из больницы",
			"type":1,
			"org":8
		},
		{
			"id":31,
			"name":"Вылечить",
			"type":1,
			"org":8
		},
		{
			"id":32,
			"name":"Сменить пол",
			"type":1,
			"org":8
		},
		{
			"id":33,
			"name":"Выдать мед.карту",
			"type":1,
			"org":8
		},
		{
			"id":34,
			"name":"Выписать лекарство",
			"type":1,
			"org":8
		},
		{
			"id":35,
			"name":"Уволить из силовых структур",
			"type":1,
			"org":7
		},
		{
			"id":36,
			"name":"Начать свидание",
			"type":1,
			"org":6
		},
		{
			"id":37,
			"name":"Окончить свидание",
			"type":1,
			"org":6
		},
		{
			"id":38,
			"name":"Выдать выговор заключенному",
			"type":1,
			"org":6
		},
		{
			"id":39,
			"name":"Снять выговор заключенному",
			"type":1,
			"org":6
		},
		{
			"id":40,
			"name":"Выдать поощрение заключенному",
			"type":1,
			"org":6
		},
		{
			"id":41,
			"name":"Посадить в карцер",
			"type":1,
			"org":6
		},
		{
			"id":42,
			"name":"Выпустить из карцера",
			"type":1,
			"org":6
		},
		{
			"id":43,
			"name":"Выдать пропуск для свидания",
			"type":1,
			"org":6
		},
		{
			"id":44,
			"name":"Трудоустроить игрока",
			"type":1,
			"org":9
		},
		{
			"id":45,
			"name":"Уволить игрока",
			"type":1,
			"org":9
		},
		{
			"id":46,
			"name":"Повысить игрока",
			"type":1,
			"org":9
		},
		{
			"id":47,
			"name":"Понизить игрока",
			"type":1,
			"org":9
		},
		{
			"id":48,
			"name":"Выдать выговор игроку",
			"type":1,
			"org":9
		},
		{
			"id":49,
			"name":"Снять выговор",
			"type":1,
			"org":9
		},
		{
			"id":50,
			"name":"Изменить внешний вид",
			"type":1,
			"org":9
		},
		{
			"id":51,
			"name":"Принять в семью",
			"type":2,
			"org":0
		},
		{
			"id":52,
			"name":"Продать дом",
			"type":2,
			"org":0
		},
		{
			"id":53,
			"name":"Подселить в дом",
			"type":2,
			"org":0
		},
		{
			"id":54,
			"name":"Продать бизнес",
			"type":2,
			"org":0
		},
		{
			"id":55,
			"name":"Продать заправку",
			"type":2,
			"org":0
		},
		{
			"id":56,
			"name":"Показать паспорт",
			"type":3,
			"org":0
		},
		{
			"id":57,
			"name":"Показать мед. карту",
			"type":3,
			"org":0
		},
		{
			"id":58,
			"name":"Показать лицензии",
			"type":3,
			"org":0
		},
		{
			"id":59,
			"name":"Показать ПТС",
			"type":3,
			"org":0
		},
		{
			"id":60,
			"name":"Предложить торговлю",
			"type":3,
			"org":0
		},
		{
			"id":61,
			"name":"Поцеловать игрока",
			"type":3,
			"org":0
		},
		{
			"id":62,
			"name":"Заняться йо-хо",
			"type":3,
			"org":0
		},
		{
			"id":63,
			"name":"Подарить цветы",
			"type":3,
			"org":0
		},
		{
			"id":64,
			"name":"Передать материалы",
			"type":3,
			"org":0
		},
		{
			"id":65,
			"name":"Пожать руку",
			"type":3,
			"org":0
		}
	]
}