{"v":"4.8.0","meta":{"g":"LottieFiles AE 3.5.4","a":"","k":"","d":"","tc":""},"fr":30,"ip":0,"op":270,"w":1688,"h":780,"nm":"Ð¾ÑÐ½Ð¾Ð²Ð°","ddd":0,"assets":[{"id":"comp_0","layers":[{"ddd":0,"ind":1,"ty":0,"nm":"TWINKLE","refId":"comp_1","sr":1,"ks":{"o":{"a":0,"k":100,"ix":11},"r":{"a":0,"k":0,"ix":10},"p":{"a":0,"k":[187,87,0],"ix":2},"a":{"a":0,"k":[300,300,0],"ix":1},"s":{"a":0,"k":[19,19,100],"ix":6}},"ao":0,"w":600,"h":600,"ip":210,"op":270,"st":210,"bm":0},{"ddd":0,"ind":2,"ty":0,"nm":"TWINKLE","refId":"comp_1","sr":1,"ks":{"o":{"a":0,"k":100,"ix":11},"r":{"a":0,"k":0,"ix":10},"p":{"a":0,"k":[790,351,0],"ix":2},"a":{"a":0,"k":[300,300,0],"ix":1},"s":{"a":0,"k":[19,19,100],"ix":6}},"ao":0,"w":600,"h":600,"ip":205,"op":265,"st":205,"bm":0},{"ddd":0,"ind":3,"ty":0,"nm":"TWINKLE","refId":"comp_1","sr":1,"ks":{"o":{"a":0,"k":100,"ix":11},"r":{"a":0,"k":0,"ix":10},"p":{"a":0,"k":[689,28,0],"ix":2},"a":{"a":0,"k":[300,300,0],"ix":1},"s":{"a":0,"k":[19,19,100],"ix":6}},"ao":0,"w":600,"h":600,"ip":107,"op":167,"st":107,"bm":0},{"ddd":0,"ind":4,"ty":0,"nm":"TWINKLE","refId":"comp_1","sr":1,"ks":{"o":{"a":0,"k":100,"ix":11},"r":{"a":0,"k":0,"ix":10},"p":{"a":0,"k":[237,333,0],"ix":2},"a":{"a":0,"k":[300,300,0],"ix":1},"s":{"a":0,"k":[19,19,100],"ix":6}},"ao":0,"w":600,"h":600,"ip":165,"op":225,"st":165,"bm":0},{"ddd":0,"ind":5,"ty":0,"nm":"TWINKLE","refId":"comp_1","sr":1,"ks":{"o":{"a":0,"k":100,"ix":11},"r":{"a":0,"k":0,"ix":10},"p":{"a":0,"k":[63,52,0],"ix":2},"a":{"a":0,"k":[300,300,0],"ix":1},"s":{"a":0,"k":[19,19,100],"ix":6}},"ao":0,"w":600,"h":600,"ip":128,"op":188,"st":128,"bm":0},{"ddd":0,"ind":6,"ty":0,"nm":"TWINKLE","refId":"comp_1","sr":1,"ks":{"o":{"a":0,"k":100,"ix":11},"r":{"a":0,"k":0,"ix":10},"p":{"a":0,"k":[612,131,0],"ix":2},"a":{"a":0,"k":[300,300,0],"ix":1},"s":{"a":0,"k":[19,19,100],"ix":6}},"ao":0,"w":600,"h":600,"ip":138,"op":198,"st":138,"bm":0},{"ddd":0,"ind":7,"ty":0,"nm":"TWINKLE","refId":"comp_1","sr":1,"ks":{"o":{"a":0,"k":100,"ix":11},"r":{"a":0,"k":0,"ix":10},"p":{"a":0,"k":[566,354,0],"ix":2},"a":{"a":0,"k":[300,300,0],"ix":1},"s":{"a":0,"k":[19,19,100],"ix":6}},"ao":0,"w":600,"h":600,"ip":182,"op":242,"st":182,"bm":0},{"ddd":0,"ind":8,"ty":0,"nm":"TWINKLE","refId":"comp_1","sr":1,"ks":{"o":{"a":0,"k":100,"ix":11},"r":{"a":0,"k":0,"ix":10},"p":{"a":0,"k":[566,354,0],"ix":2},"a":{"a":0,"k":[300,300,0],"ix":1},"s":{"a":0,"k":[19,19,100],"ix":6}},"ao":0,"w":600,"h":600,"ip":75,"op":135,"st":75,"bm":0},{"ddd":0,"ind":9,"ty":0,"nm":"TWINKLE","refId":"comp_1","sr":1,"ks":{"o":{"a":0,"k":100,"ix":11},"r":{"a":0,"k":0,"ix":10},"p":{"a":0,"k":[612,131,0],"ix":2},"a":{"a":0,"k":[300,300,0],"ix":1},"s":{"a":0,"k":[19,19,100],"ix":6}},"ao":0,"w":600,"h":600,"ip":31,"op":91,"st":31,"bm":0},{"ddd":0,"ind":10,"ty":0,"nm":"TWINKLE","refId":"comp_1","sr":1,"ks":{"o":{"a":0,"k":100,"ix":11},"r":{"a":0,"k":0,"ix":10},"p":{"a":0,"k":[63,52,0],"ix":2},"a":{"a":0,"k":[300,300,0],"ix":1},"s":{"a":0,"k":[19,19,100],"ix":6}},"ao":0,"w":600,"h":600,"ip":21,"op":81,"st":21,"bm":0},{"ddd":0,"ind":11,"ty":0,"nm":"TWINKLE","refId":"comp_1","sr":1,"ks":{"o":{"a":0,"k":100,"ix":11},"r":{"a":0,"k":0,"ix":10},"p":{"a":0,"k":[237,333,0],"ix":2},"a":{"a":0,"k":[300,300,0],"ix":1},"s":{"a":0,"k":[19,19,100],"ix":6}},"ao":0,"w":600,"h":600,"ip":58,"op":118,"st":58,"bm":0},{"ddd":0,"ind":12,"ty":0,"nm":"TWINKLE","refId":"comp_1","sr":1,"ks":{"o":{"a":0,"k":100,"ix":11},"r":{"a":0,"k":0,"ix":10},"p":{"a":0,"k":[689,28,0],"ix":2},"a":{"a":0,"k":[300,300,0],"ix":1},"s":{"a":0,"k":[19,19,100],"ix":6}},"ao":0,"w":600,"h":600,"ip":0,"op":60,"st":0,"bm":0},{"ddd":0,"ind":13,"ty":0,"nm":"TWINKLE","refId":"comp_1","sr":1,"ks":{"o":{"a":0,"k":100,"ix":11},"r":{"a":0,"k":0,"ix":10},"p":{"a":0,"k":[790,351,0],"ix":2},"a":{"a":0,"k":[300,300,0],"ix":1},"s":{"a":0,"k":[19,19,100],"ix":6}},"ao":0,"w":600,"h":600,"ip":98,"op":158,"st":98,"bm":0},{"ddd":0,"ind":14,"ty":0,"nm":"TWINKLE","refId":"comp_1","sr":1,"ks":{"o":{"a":0,"k":100,"ix":11},"r":{"a":0,"k":0,"ix":10},"p":{"a":0,"k":[187,87,0],"ix":2},"a":{"a":0,"k":[300,300,0],"ix":1},"s":{"a":0,"k":[19,19,100],"ix":6}},"ao":0,"w":600,"h":600,"ip":130,"op":190,"st":130,"bm":0}]},{"id":"comp_1","layers":[{"ddd":0,"ind":1,"ty":4,"nm":"Shape Layer 10","sr":1,"ks":{"o":{"a":0,"k":100,"ix":11},"r":{"a":0,"k":0,"ix":10},"p":{"a":0,"k":[300,300,0],"ix":2},"a":{"a":0,"k":[0,0,0],"ix":1},"s":{"a":1,"k":[{"i":{"x":[0.297,0.297,0.667],"y":[1.046,1.046,1]},"o":{"x":[0.167,0.167,0.167],"y":[0.167,0.167,0]},"t":0,"s":[0,0,100]},{"i":{"x":[0.833,0.833,0.833],"y":[0.773,0.773,1]},"o":{"x":[0.226,0.226,0.333],"y":[-0.013,-0.013,0]},"t":9.944,"s":[49,49,100]},{"t":47.5,"s":[0,0,100]}],"ix":6}},"ao":0,"shapes":[{"ind":0,"ty":"sh","ix":1,"ks":{"a":0,"k":{"i":[[0,0],[0,0],[0,0],[0,0],[0,0],[0,0],[0,0],[0,0],[0,0],[0,0],[0,0],[0,0],[0,0],[0,0],[0,0],[0,0]],"o":[[0,0],[0,0],[0,0],[0,0],[0,0],[0,0],[0,0],[0,0],[0,0],[0,0],[0,0],[0,0],[0,0],[0,0],[0,0],[0,0]],"v":[[0,-374],[10.566,-25.509],[99.702,-89.936],[25.509,-10.566],[374,0],[25.509,10.566],[114.26,106.26],[10.566,25.509],[0,374],[-10.566,25.509],[-87.233,80.675],[-25.509,10.566],[-374,0],[-25.509,-10.566],[-91.558,-79.702],[-10.566,-25.509]],"c":true},"ix":2},"nm":"ÐÐ¾Ð½ÑÑÑ 1","mn":"ADBE Vector Shape - Group","hd":false},{"ty":"fl","c":{"a":0,"k":[1,1,1,1],"ix":4},"o":{"a":0,"k":100,"ix":5},"r":1,"bm":0,"nm":"Fill 1","mn":"ADBE Vector Graphic - Fill","hd":false}],"ip":0,"op":53.75,"st":0,"bm":0},{"ddd":0,"ind":2,"ty":4,"nm":"Shape Layer 12","sr":1,"ks":{"o":{"a":0,"k":100,"ix":11},"r":{"a":0,"k":0,"ix":10},"p":{"a":0,"k":[300,300,0],"ix":2},"a":{"a":0,"k":[0,0,0],"ix":1},"s":{"a":1,"k":[{"i":{"x":[0.297,0.297,0.667],"y":[1.046,1.046,1]},"o":{"x":[0.167,0.167,0.167],"y":[0.167,0.167,0]},"t":1.25,"s":[0,0,100]},{"i":{"x":[0.833,0.833,0.833],"y":[0.78,0.78,1]},"o":{"x":[0.226,0.226,0.333],"y":[-0.013,-0.013,0]},"t":11.194,"s":[49,49,100]},{"t":47.5,"s":[0,0,100]}],"ix":6}},"ao":0,"shapes":[{"ind":0,"ty":"sh","ix":1,"ks":{"a":0,"k":{"i":[[0,0],[0,0],[0,0],[0,0],[0,0],[0,0],[0,0],[0,0],[0,0],[0,0],[0,0],[0,0],[0,0],[0,0],[0,0],[0,0]],"o":[[0,0],[0,0],[0,0],[0,0],[0,0],[0,0],[0,0],[0,0],[0,0],[0,0],[0,0],[0,0],[0,0],[0,0],[0,0],[0,0]],"v":[[0,-374],[10.566,-25.509],[99.702,-89.936],[25.509,-10.566],[374,0],[25.509,10.566],[114.26,106.26],[10.566,25.509],[0,374],[-10.566,25.509],[-87.233,80.675],[-25.509,10.566],[-374,0],[-25.509,-10.566],[-91.558,-79.702],[-10.566,-25.509]],"c":true},"ix":2},"nm":"ÐÐ¾Ð½ÑÑÑ 1","mn":"ADBE Vector Shape - Group","hd":false},{"ty":"fl","c":{"a":0,"k":[0.004999999888,0.665000021458,0.995000004768,1],"ix":4},"o":{"a":0,"k":100,"ix":5},"r":1,"bm":0,"nm":"Fill 1","mn":"ADBE Vector Graphic - Fill","hd":false}],"ip":1.25,"op":55,"st":1.25,"bm":0},{"ddd":0,"ind":3,"ty":4,"nm":"Shape Layer 11","sr":1,"ks":{"o":{"a":0,"k":100,"ix":11},"r":{"a":0,"k":0,"ix":10},"p":{"a":0,"k":[300,300,0],"ix":2},"a":{"a":0,"k":[0,0,0],"ix":1},"s":{"a":1,"k":[{"i":{"x":[0.297,0.297,0.667],"y":[1.046,1.046,1]},"o":{"x":[0.167,0.167,0.167],"y":[0.167,0.167,0]},"t":2.5,"s":[0,0,100]},{"i":{"x":[0.833,0.833,0.833],"y":[0.788,0.788,1]},"o":{"x":[0.226,0.226,0.333],"y":[-0.012,-0.012,0]},"t":12.444,"s":[49,49,100]},{"t":47.5,"s":[0,0,100]}],"ix":6}},"ao":0,"shapes":[{"ind":0,"ty":"sh","ix":1,"ks":{"a":0,"k":{"i":[[0,0],[0,0],[0,0],[0,0],[0,0],[0,0],[0,0],[0,0],[0,0],[0,0],[0,0],[0,0],[0,0],[0,0],[0,0],[0,0]],"o":[[0,0],[0,0],[0,0],[0,0],[0,0],[0,0],[0,0],[0,0],[0,0],[0,0],[0,0],[0,0],[0,0],[0,0],[0,0],[0,0]],"v":[[0,-374],[10.566,-25.509],[99.702,-89.936],[25.509,-10.566],[374,0],[25.509,10.566],[114.26,106.26],[10.566,25.509],[0,374],[-10.566,25.509],[-87.233,80.675],[-25.509,10.566],[-374,0],[-25.509,-10.566],[-91.558,-79.702],[-10.566,-25.509]],"c":true},"ix":2},"nm":"ÐÐ¾Ð½ÑÑÑ 1","mn":"ADBE Vector Shape - Group","hd":false},{"ty":"fl","c":{"a":0,"k":[0.40000000596,0.800000011921,1,1],"ix":4},"o":{"a":0,"k":100,"ix":5},"r":1,"bm":0,"nm":"Fill 1","mn":"ADBE Vector Graphic - Fill","hd":false}],"ip":2.5,"op":56.25,"st":2.5,"bm":0},{"ddd":0,"ind":4,"ty":4,"nm":"Shape Layer 9","sr":1,"ks":{"o":{"a":0,"k":100,"ix":11},"r":{"a":0,"k":0,"ix":10},"p":{"a":0,"k":[300,300,0],"ix":2},"a":{"a":0,"k":[0,0,0],"ix":1},"s":{"a":1,"k":[{"i":{"x":[0.297,0.297,0.667],"y":[1.046,1.046,1]},"o":{"x":[0.167,0.167,0.167],"y":[0.167,0.167,0]},"t":3.75,"s":[0,0,100]},{"i":{"x":[0.833,0.833,0.833],"y":[0.796,0.796,1]},"o":{"x":[0.226,0.226,0.333],"y":[-0.012,-0.012,0]},"t":13.694,"s":[49,49,100]},{"t":47.5,"s":[0,0,100]}],"ix":6}},"ao":0,"shapes":[{"ind":0,"ty":"sh","ix":1,"ks":{"a":0,"k":{"i":[[0,0],[0,0],[0,0],[0,0],[0,0],[0,0],[0,0],[0,0],[0,0],[0,0],[0,0],[0,0],[0,0],[0,0],[0,0],[0,0]],"o":[[0,0],[0,0],[0,0],[0,0],[0,0],[0,0],[0,0],[0,0],[0,0],[0,0],[0,0],[0,0],[0,0],[0,0],[0,0],[0,0]],"v":[[0,-374],[10.566,-25.509],[99.702,-89.936],[25.509,-10.566],[374,0],[25.509,10.566],[114.26,106.26],[10.566,25.509],[0,374],[-10.566,25.509],[-87.233,80.675],[-25.509,10.566],[-374,0],[-25.509,-10.566],[-91.558,-79.702],[-10.566,-25.509]],"c":true},"ix":2},"nm":"ÐÐ¾Ð½ÑÑÑ 1","mn":"ADBE Vector Shape - Group","hd":false},{"ty":"fl","c":{"a":0,"k":[1,1,1,1],"ix":4},"o":{"a":0,"k":100,"ix":5},"r":1,"bm":0,"nm":"Fill 1","mn":"ADBE Vector Graphic - Fill","hd":false}],"ip":3.75,"op":57.5,"st":3.75,"bm":0}]}],"layers":[{"ddd":0,"ind":1,"ty":0,"nm":"ÐÐ¾Ð¼Ð¿Ð¾Ð·Ð¸ÑÐ¸Ñ 1","refId":"comp_0","sr":1,"ks":{"o":{"a":0,"k":100,"ix":11},"r":{"a":0,"k":0,"ix":10},"p":{"a":0,"k":[840,394,0],"ix":2},"a":{"a":0,"k":[422,195,0],"ix":1},"s":{"a":0,"k":[128.895,128.895,100],"ix":6}},"ao":0,"w":844,"h":390,"ip":0,"op":270,"st":0,"bm":0}],"markers":[]}