{"v":"4.8.0","meta":{"g":"LottieFiles AE 3.5.4","a":"","k":"","d":"","tc":""},"fr":29.9700012207031,"ip":0,"op":600.000024438501,"w":844,"h":390,"nm":"Pre-comp 2","ddd":0,"assets":[{"id":"comp_0","layers":[{"ddd":0,"ind":1,"ty":0,"nm":"bigstar","refId":"comp_1","sr":1,"ks":{"o":{"a":0,"k":100,"ix":11},"r":{"a":0,"k":0,"ix":10},"p":{"a":1,"k":[{"i":{"x":0.667,"y":1},"o":{"x":0.167,"y":0},"t":48.951,"s":[381.88,1885.28,0],"to":[76.62,11.052,0],"ti":[-76.62,-11.052,0]},{"t":484.515019734701,"s":[841.6,1951.59,0]}],"ix":2},"a":{"a":0,"k":[75,75,0],"ix":1},"s":{"a":0,"k":[110.51,110.51,100],"ix":6}},"ao":0,"w":150,"h":150,"ip":8.99100036621094,"op":608.391024780273,"st":8.99100036621094,"bm":0},{"ddd":0,"ind":2,"ty":0,"nm":"bigstar","refId":"comp_1","sr":1,"ks":{"o":{"a":0,"k":100,"ix":11},"r":{"a":0,"k":0,"ix":10},"p":{"a":1,"k":[{"i":{"x":0.667,"y":1},"o":{"x":0.167,"y":0},"t":142.857,"s":[76.88,492.87,0],"to":[50.097,63.358,0],"ti":[-50.097,-63.358,0]},{"t":655.344026692708,"s":[377.46,873.02,0]}],"ix":2},"a":{"a":0,"k":[75,75,0],"ix":1},"s":{"a":0,"k":[110.51,110.51,100],"ix":6}},"ao":0,"w":150,"h":150,"ip":139.860005696615,"op":739.260030110677,"st":139.860005696615,"bm":0},{"ddd":0,"ind":3,"ty":0,"nm":"bigstar","refId":"comp_1","sr":1,"ks":{"o":{"a":0,"k":100,"ix":11},"r":{"a":0,"k":0,"ix":10},"p":{"a":1,"k":[{"i":{"x":0.667,"y":1},"o":{"x":0.167,"y":0},"t":476.523,"s":[792.97,1651,0],"to":[20.628,50.098,0],"ti":[-20.628,-50.098,0]},{"t":899.100036621094,"s":[916.74,1951.59,0]}],"ix":2},"a":{"a":0,"k":[75,75,0],"ix":1},"s":{"a":0,"k":[110.51,110.51,100],"ix":6}},"ao":0,"w":150,"h":150,"ip":383.616015625,"op":983.016040039062,"st":383.616015625,"bm":0},{"ddd":0,"ind":4,"ty":0,"nm":"bigstar","refId":"comp_1","sr":1,"ks":{"o":{"a":0,"k":100,"ix":11},"r":{"a":0,"k":0,"ix":10},"p":{"a":1,"k":[{"i":{"x":0.833,"y":1},"o":{"x":0.333,"y":0},"t":414.585,"s":[881.38,850.92,0],"to":[39.047,-38.31,0],"ti":[-39.047,38.31,0]},{"t":837.162034098307,"s":[1115.66,621.06,0]}],"ix":2},"a":{"a":0,"k":[75,75,0],"ix":1},"s":{"a":0,"k":[110.51,110.51,100],"ix":6}},"ao":0,"w":150,"h":150,"ip":321.678013102214,"op":921.078037516276,"st":321.678013102214,"bm":0},{"ddd":0,"ind":5,"ty":0,"nm":"bigstar","refId":"comp_1","sr":1,"ks":{"o":{"a":0,"k":100,"ix":11},"r":{"a":0,"k":0,"ix":10},"p":{"a":1,"k":[{"i":{"x":0.833,"y":1},"o":{"x":0.333,"y":0},"t":125.874,"s":[-91.1,2150.51,0],"to":[51.572,19.155,0],"ti":[-51.572,-19.155,0]},{"t":548.451022338867,"s":[218.33,2265.44,0]}],"ix":2},"a":{"a":0,"k":[75,75,0],"ix":1},"s":{"a":0,"k":[110.51,110.51,100],"ix":6}},"ao":0,"w":150,"h":150,"ip":32.9670013427734,"op":632.367025756836,"st":32.9670013427734,"bm":0},{"ddd":0,"ind":6,"ty":0,"nm":"bigstar","refId":"comp_1","sr":1,"ks":{"o":{"a":0,"k":100,"ix":11},"r":{"a":0,"k":0,"ix":10},"p":{"a":1,"k":[{"i":{"x":0.667,"y":1},"o":{"x":0.333,"y":0},"t":340.659,"s":[359.78,815.56,0],"to":[-25.048,-48.625,0],"ti":[25.048,48.625,0]},{"t":763.23603108724,"s":[209.49,523.81,0]}],"ix":2},"a":{"a":0,"k":[75,75,0],"ix":1},"s":{"a":0,"k":[110.51,110.51,100],"ix":6}},"ao":0,"w":150,"h":150,"ip":302.697012329102,"op":847.152034505208,"st":247.752010091146,"bm":0},{"ddd":0,"ind":7,"ty":0,"nm":"bigstar","refId":"comp_1","sr":1,"ks":{"o":{"a":0,"k":100,"ix":11},"r":{"a":0,"k":0,"ix":10},"p":{"a":1,"k":[{"i":{"x":0.667,"y":1},"o":{"x":0.167,"y":0},"t":218.781,"s":[178.54,2362.68,0],"to":[41.257,-64.095,0],"ti":[-41.257,64.095,0]},{"t":654.345026652018,"s":[426.08,1978.11,0]}],"ix":2},"a":{"a":0,"k":[75,75,0],"ix":1},"s":{"a":0,"k":[110.51,110.51,100],"ix":6}},"ao":0,"w":150,"h":150,"ip":178.821007283529,"op":778.221031697591,"st":178.821007283529,"bm":0},{"ddd":0,"ind":8,"ty":0,"nm":"medstar","refId":"comp_2","sr":1,"ks":{"o":{"a":0,"k":100,"ix":11},"r":{"a":0,"k":0,"ix":10},"p":{"a":1,"k":[{"i":{"x":0.667,"y":1},"o":{"x":0.333,"y":0},"t":433.566,"s":[907.9,1734.99,0],"to":[34.627,73.673,0],"ti":[-34.627,-73.673,0]},{"t":899.100036621094,"s":[1115.66,2177.03,0]}],"ix":2},"a":{"a":0,"k":[50,50,0],"ix":1},"s":{"a":0,"k":[110.51,110.51,100],"ix":6}},"ao":0,"w":100,"h":100,"ip":354.645014444987,"op":954.04503885905,"st":354.645014444987,"bm":0},{"ddd":0,"ind":9,"ty":0,"nm":"medstar","refId":"comp_2","sr":1,"ks":{"o":{"a":0,"k":100,"ix":11},"r":{"a":0,"k":0,"ix":10},"p":{"a":1,"k":[{"i":{"x":0.667,"y":1},"o":{"x":0.333,"y":0},"t":161.838,"s":[925.58,780.19,0],"to":[-67.778,-2.947,0],"ti":[67.778,2.947,0]},{"t":627.372025553385,"s":[518.91,762.51,0]}],"ix":2},"a":{"a":0,"k":[50,50,0],"ix":1},"s":{"a":0,"k":[110.51,110.51,100],"ix":6}},"ao":0,"w":100,"h":100,"ip":82.9170033772786,"op":682.317027791341,"st":82.9170033772786,"bm":0},{"ddd":0,"ind":10,"ty":0,"nm":"medstar","refId":"comp_2","sr":1,"ks":{"o":{"a":1,"k":[{"i":{"x":[0.667],"y":[1]},"o":{"x":[0.333],"y":[0]},"t":298.701,"s":[0]},{"t":348.651014200846,"s":[100]}],"ix":11},"r":{"a":0,"k":0,"ix":10},"p":{"a":1,"k":[{"i":{"x":0.667,"y":1},"o":{"x":0.333,"y":0},"t":299.7,"s":[890.22,2212.39,0],"to":[-45.677,-67.778,0],"ti":[45.677,67.778,0]},{"t":765.23403116862,"s":[616.16,1805.72,0]}],"ix":2},"a":{"a":0,"k":[50,50,0],"ix":1},"s":{"a":0,"k":[110.51,110.51,100],"ix":6}},"ao":0,"w":100,"h":100,"ip":220.779008992513,"op":820.179033406576,"st":220.779008992513,"bm":0},{"ddd":0,"ind":11,"ty":0,"nm":"medstar","refId":"comp_2","sr":1,"ks":{"o":{"a":1,"k":[{"i":{"x":[0.667],"y":[1]},"o":{"x":[0.333],"y":[0]},"t":0,"s":[0]},{"t":49.9500020345052,"s":[100]}],"ix":11},"r":{"a":0,"k":0,"ix":10},"p":{"a":1,"k":[{"i":{"x":0.667,"y":1},"o":{"x":0.333,"y":0},"t":0.999,"s":[271.37,267.43,0],"to":[-45.677,-67.778,0],"ti":[45.677,67.778,0]},{"t":466.533019002279,"s":[-2.69,-139.24,0]}],"ix":2},"a":{"a":0,"k":[50,50,0],"ix":1},"s":{"a":0,"k":[110.51,110.51,100],"ix":6}},"ao":0,"w":100,"h":100,"ip":-77.9220031738281,"op":521.478021240234,"st":-77.9220031738281,"bm":0},{"ddd":0,"ind":12,"ty":0,"nm":"medstar","refId":"comp_2","sr":1,"ks":{"o":{"a":0,"k":100,"ix":11},"r":{"a":0,"k":0,"ix":10},"p":{"a":1,"k":[{"i":{"x":0.667,"y":1},"o":{"x":0.333,"y":0},"t":268.731,"s":[412.82,1832.24,0],"to":[-19.155,65.568,0],"ti":[19.155,-65.568,0]},{"t":734.265029907227,"s":[297.89,2225.65,0]}],"ix":2},"a":{"a":0,"k":[50,50,0],"ix":1},"s":{"a":0,"k":[110.51,110.51,100],"ix":6}},"ao":0,"w":100,"h":100,"ip":189.81000773112,"op":789.210032145182,"st":189.81000773112,"bm":0},{"ddd":0,"ind":13,"ty":0,"nm":"medstar","refId":"comp_2","sr":1,"ks":{"o":{"a":0,"k":100,"ix":11},"r":{"a":0,"k":0,"ix":10},"p":{"a":1,"k":[{"i":{"x":0.667,"y":1},"o":{"x":0.333,"y":0},"t":70.929,"s":[1005.15,1399.04,0],"to":[58.938,-8.84,0],"ti":[-58.938,8.84,0]},{"t":615.384025065104,"s":[1358.78,1346,0]}],"ix":2},"a":{"a":0,"k":[50,50,0],"ix":1},"s":{"a":0,"k":[110.51,110.51,100],"ix":6}},"ao":0,"w":100,"h":100,"ip":70.9290028889974,"op":670.32902730306,"st":70.9290028889974,"bm":0},{"ddd":0,"ind":14,"ty":0,"nm":"medstar","refId":"comp_2","sr":1,"ks":{"o":{"a":0,"k":100,"ix":11},"r":{"a":0,"k":0,"ix":10},"p":{"a":1,"k":[{"i":{"x":0.667,"y":1},"o":{"x":0.333,"y":0},"t":278.721,"s":[-55.74,1399.04,0],"to":[58.938,-8.84,0],"ti":[-58.938,8.84,0]},{"t":551.448022460937,"s":[297.89,1346,0]}],"ix":2},"a":{"a":0,"k":[50,50,0],"ix":1},"s":{"a":0,"k":[110.51,110.51,100],"ix":6}},"ao":0,"w":100,"h":100,"ip":278.721011352539,"op":878.121035766602,"st":278.721011352539,"bm":0},{"ddd":0,"ind":15,"ty":0,"nm":"medstar","refId":"comp_2","sr":1,"ks":{"o":{"a":0,"k":100,"ix":11},"r":{"a":0,"k":0,"ix":10},"p":{"a":1,"k":[{"i":{"x":0.667,"y":1},"o":{"x":0.333,"y":0},"t":27.972,"s":[297.89,1346,0],"to":[-58.938,8.84,0],"ti":[58.938,-8.84,0]},{"t":572.42702331543,"s":[-55.74,1399.04,0]}],"ix":2},"a":{"a":0,"k":[50,50,0],"ix":1},"s":{"a":0,"k":[110.51,110.51,100],"ix":6}},"ao":0,"w":100,"h":100,"ip":27.9720011393229,"op":627.372025553385,"st":27.9720011393229,"bm":0},{"ddd":0,"ind":16,"ty":0,"nm":"medstar","refId":"comp_2","sr":1,"ks":{"o":{"a":0,"k":100,"ix":11},"r":{"a":0,"k":0,"ix":10},"p":{"a":1,"k":[{"i":{"x":0.667,"y":1},"o":{"x":0.333,"y":0},"t":256.743,"s":[801.81,762.51,0],"to":[69.253,-38.31,0],"ti":[-69.253,38.31,0]},{"t":801.198032633464,"s":[1217.33,532.65,0]}],"ix":2},"a":{"a":0,"k":[50,50,0],"ix":1},"s":{"a":0,"k":[110.51,110.51,100],"ix":6}},"ao":0,"w":100,"h":100,"ip":256.743010457357,"op":856.143034871419,"st":256.743010457357,"bm":0},{"ddd":0,"ind":17,"ty":0,"nm":"medstar","refId":"comp_2","sr":1,"ks":{"o":{"a":0,"k":100,"ix":11},"r":{"a":0,"k":0,"ix":10},"p":{"a":1,"k":[{"i":{"x":0.667,"y":1},"o":{"x":0.333,"y":0},"t":371.628,"s":[479.13,2243.33,0],"to":[24.312,-75.882,0],"ti":[-24.312,75.882,0]},{"t":916.083037312825,"s":[625,1788.04,0]}],"ix":2},"a":{"a":0,"k":[50,50,0],"ix":1},"s":{"a":0,"k":[110.51,110.51,100],"ix":6}},"ao":0,"w":100,"h":100,"ip":371.628015136719,"op":971.028039550781,"st":371.628015136719,"bm":0},{"ddd":0,"ind":18,"ty":0,"nm":"smallstar","refId":"comp_3","sr":1,"ks":{"o":{"a":1,"k":[{"i":{"x":[0.833],"y":[0.833]},"o":{"x":[0.167],"y":[0.167]},"t":585.414,"s":[100]},{"t":594.405024210612,"s":[0]}],"ix":11},"r":{"a":0,"k":0,"ix":10},"p":{"a":1,"k":[{"i":{"x":0.667,"y":1},"o":{"x":0.333,"y":0},"t":359.64,"s":[218.33,298.37,0],"to":[53.043,56.728,0],"ti":[-53.043,-56.728,0]},{"t":752.247030639649,"s":[536.59,638.74,0]}],"ix":2},"a":{"a":0,"k":[40,40,0],"ix":1},"s":{"a":0,"k":[110.51,110.51,100],"ix":6}},"ao":0,"w":80,"h":80,"ip":359.640014648438,"op":959.0400390625,"st":359.640014648438,"bm":0},{"ddd":0,"ind":19,"ty":0,"nm":"smallstar","refId":"comp_3","sr":1,"ks":{"o":{"a":0,"k":100,"ix":11},"r":{"a":0,"k":0,"ix":10},"p":{"a":1,"k":[{"i":{"x":0.667,"y":1},"o":{"x":0.333,"y":0},"t":67.932,"s":[536.59,638.74,0],"to":[-53.043,-56.728,0],"ti":[53.043,56.728,0]},{"t":460.539018758138,"s":[218.33,298.37,0]}],"ix":2},"a":{"a":0,"k":[40,40,0],"ix":1},"s":{"a":0,"k":[110.51,110.51,100],"ix":6}},"ao":0,"w":80,"h":80,"ip":67.9320027669271,"op":667.33202718099,"st":67.9320027669271,"bm":0},{"ddd":0,"ind":20,"ty":0,"nm":"smallstar","refId":"comp_3","sr":1,"ks":{"o":{"a":0,"k":100,"ix":11},"r":{"a":0,"k":0,"ix":10},"p":{"a":1,"k":[{"i":{"x":0.667,"y":1},"o":{"x":0.333,"y":0},"t":0,"s":[739.93,382.36,0],"to":[46.413,72.937,0],"ti":[-46.413,-72.937,0]},{"t":392.607015991211,"s":[1018.41,819.98,0]}],"ix":2},"a":{"a":0,"k":[40,40,0],"ix":1},"s":{"a":0,"k":[110.51,110.51,100],"ix":6}},"ao":0,"w":80,"h":80,"ip":0,"op":599.400024414062,"st":0,"bm":0},{"ddd":0,"ind":21,"ty":0,"nm":"smallstar","refId":"comp_3","sr":1,"ks":{"o":{"a":1,"k":[{"i":{"x":[0.833],"y":[0.833]},"o":{"x":[0.167],"y":[0.167]},"t":568.431,"s":[100]},{"t":589.410024007161,"s":[0]}],"ix":11},"r":{"a":0,"k":0,"ix":10},"p":{"a":1,"k":[{"i":{"x":0.667,"y":1},"o":{"x":0.333,"y":0},"t":367.632,"s":[713.41,1832.24,0],"to":[46.413,72.937,0],"ti":[-46.413,-72.937,0]},{"t":760.239030965169,"s":[991.89,2269.86,0]}],"ix":2},"a":{"a":0,"k":[40,40,0],"ix":1},"s":{"a":0,"k":[110.51,110.51,100],"ix":6}},"ao":0,"w":80,"h":80,"ip":367.632014973958,"op":967.032039388021,"st":367.632014973958,"bm":0},{"ddd":0,"ind":22,"ty":0,"nm":"smallstar","refId":"comp_3","sr":1,"ks":{"o":{"a":0,"k":100,"ix":11},"r":{"a":0,"k":0,"ix":10},"p":{"a":1,"k":[{"i":{"x":0.667,"y":1},"o":{"x":0.333,"y":0},"t":156.843,"s":[916.74,1947.17,0],"to":[-48.623,-100.195,0],"ti":[48.623,100.195,0]},{"t":549.450022379557,"s":[625,1346,0]}],"ix":2},"a":{"a":0,"k":[40,40,0],"ix":1},"s":{"a":0,"k":[110.51,110.51,100],"ix":6}},"ao":0,"w":80,"h":80,"ip":156.843006388346,"op":756.243030802409,"st":156.843006388346,"bm":0},{"ddd":0,"ind":23,"ty":0,"nm":"smallstar","refId":"comp_3","sr":1,"ks":{"o":{"a":0,"k":100,"ix":11},"r":{"a":0,"k":0,"ix":10},"p":{"a":1,"k":[{"i":{"x":0.667,"y":1},"o":{"x":0.333,"y":0},"t":80.919,"s":[174.12,1620.06,0],"to":[75.147,-45.677,0],"ti":[-75.147,45.677,0]},{"t":473.526019287109,"s":[625,1346,0]}],"ix":2},"a":{"a":0,"k":[40,40,0],"ix":1},"s":{"a":0,"k":[110.51,110.51,100],"ix":6}},"ao":0,"w":80,"h":80,"ip":80.9190032958984,"op":680.319027709961,"st":80.9190032958984,"bm":0},{"ddd":0,"ind":24,"ty":0,"nm":"smallstar","refId":"comp_3","sr":1,"ks":{"o":{"a":0,"k":100,"ix":11},"r":{"a":0,"k":0,"ix":10},"p":{"a":1,"k":[{"i":{"x":0.667,"y":1},"o":{"x":0.333,"y":0},"t":0,"s":[625,1346,0],"to":[-75.147,45.677,0],"ti":[75.147,-45.677,0]},{"t":392.607015991211,"s":[174.12,1620.06,0]}],"ix":2},"a":{"a":0,"k":[40,40,0],"ix":1},"s":{"a":0,"k":[110.51,110.51,100],"ix":6}},"ao":0,"w":80,"h":80,"ip":0,"op":599.400024414062,"st":0,"bm":0},{"ddd":0,"ind":25,"ty":0,"nm":"tinystar","refId":"comp_4","sr":1,"ks":{"o":{"a":0,"k":100,"ix":11},"r":{"a":0,"k":0,"ix":10},"p":{"a":1,"k":[{"i":{"x":0.667,"y":1},"o":{"x":0.333,"y":0},"t":256.743,"s":[912.32,351.42,0],"to":[7.368,-14.735,0],"ti":[68.92,-54.018,0]},{"i":{"x":0.667,"y":1},"o":{"x":0.333,"y":0},"t":257.742,"s":[956.53,263.01,0],"to":[-68.92,54.018,0],"ti":[76.288,-68.753,0]},{"t":661.338026936849,"s":[498.8,675.53,0]}],"ix":2},"a":{"a":0,"k":[30,30,0],"ix":1},"s":{"a":0,"k":[110.51,110.51,100],"ix":6}},"ao":0,"w":60,"h":60,"ip":255.744010416667,"op":855.144034830729,"st":255.744010416667,"bm":0},{"ddd":0,"ind":26,"ty":0,"nm":"tinystar","refId":"comp_4","sr":1,"ks":{"o":{"a":0,"k":100,"ix":11},"r":{"a":0,"k":0,"ix":10},"p":{"a":1,"k":[{"i":{"x":0.667,"y":1},"o":{"x":0.333,"y":0.593},"t":46.953,"s":[211.47,918.65,0],"to":[68.922,-54.018,0],"ti":[-68.922,54.018,0]},{"t":451.548018391927,"s":[625,594.54,0]}],"ix":2},"a":{"a":0,"k":[30,30,0],"ix":1},"s":{"a":0,"k":[110.51,110.51,100],"ix":6}},"ao":0,"w":60,"h":60,"ip":45.9540018717448,"op":645.354026285807,"st":45.9540018717448,"bm":0},{"ddd":0,"ind":27,"ty":0,"nm":"tinystar","refId":"comp_4","sr":1,"ks":{"o":{"a":0,"k":100,"ix":11},"r":{"a":0,"k":0,"ix":10},"p":{"a":1,"k":[{"i":{"x":0.667,"y":1},"o":{"x":0.333,"y":0},"t":276.723,"s":[448.19,1655.43,0],"to":[51.57,-110.51,0],"ti":[-51.57,110.51,0]},{"t":635.364025878906,"s":[757.61,992.37,0]}],"ix":2},"a":{"a":0,"k":[30,30,0],"ix":1},"s":{"a":0,"k":[110.51,110.51,100],"ix":6}},"ao":0,"w":60,"h":60,"ip":276.723011271159,"op":876.123035685221,"st":276.723011271159,"bm":0},{"ddd":0,"ind":28,"ty":0,"nm":"tinystar","refId":"comp_4","sr":1,"ks":{"o":{"a":0,"k":100,"ix":11},"r":{"a":0,"k":0,"ix":10},"p":{"a":1,"k":[{"i":{"x":0.667,"y":1},"o":{"x":0.333,"y":0},"t":59.94,"s":[801.81,1301.8,0],"to":[-51.57,139.978,0],"ti":[51.57,-139.978,0]},{"t":418.581017049154,"s":[492.39,2141.67,0]}],"ix":2},"a":{"a":0,"k":[30,30,0],"ix":1},"s":{"a":0,"k":[110.51,110.51,100],"ix":6}},"ao":0,"w":60,"h":60,"ip":59.9400024414062,"op":659.340026855469,"st":59.9400024414062,"bm":0},{"ddd":0,"ind":29,"ty":0,"nm":"allover","refId":"comp_5","sr":1,"ks":{"o":{"a":0,"k":100,"ix":11},"r":{"a":0,"k":0,"ix":10},"p":{"a":0,"k":[625,1346,0],"ix":2},"a":{"a":0,"k":[565.5,1218,0],"ix":1},"s":{"a":0,"k":[110.51,110.51,100],"ix":6}},"ao":0,"w":1131,"h":2436,"ip":0,"op":599.400024414062,"st":0,"bm":0}]},{"id":"comp_1","layers":[{"ddd":0,"ind":1,"ty":4,"nm":"Vector","sr":1,"ks":{"o":{"a":1,"k":[{"i":{"x":[0.833],"y":[1]},"o":{"x":[0.167],"y":[0]},"t":0,"s":[0]},{"i":{"x":[0.667],"y":[1]},"o":{"x":[0.333],"y":[0]},"t":148.851,"s":[24]},{"t":298.701012166341,"s":[0]}],"ix":11},"r":{"a":0,"k":0,"ix":10},"p":{"a":0,"k":[74.657,73.269,0],"ix":2},"a":{"a":0,"k":[0,0,0],"ix":1},"s":{"a":1,"k":[{"i":{"x":[0.833,0.833,0.833],"y":[0.833,0.833,0.833]},"o":{"x":[0.167,0.167,0.167],"y":[0.167,0.167,0.167]},"t":0,"s":[40,40,100]},{"t":148.851006062826,"s":[100,100,100]}],"ix":6}},"ao":0,"hasMask":true,"masksProperties":[{"inv":false,"mode":"a","pt":{"a":0,"k":{"i":[[19.726,0],[0,-19.737],[-19.726,0],[0,19.737]],"o":[[-19.726,0],[0,19.737],[19.726,0],[0,-19.737]],"v":[[0,-35.737],[-35.717,0],[0,35.737],[35.717,0]],"c":true},"ix":1},"o":{"a":0,"k":100,"ix":3},"x":{"a":0,"k":0,"ix":4},"nm":"Mask 1"}],"shapes":[{"ty":"gr","it":[{"ind":0,"ty":"sh","ix":1,"ks":{"a":0,"k":{"i":[[0,-6.227],[6.422,-0.285],[0,6.263],[-6.429,0.285]],"o":[[0,6.67],[-6.429,0.292],[0,-6.67],[6.429,-0.285]],"v":[[11.906,0.003],[-0.004,11.902],[-11.906,0.003],[-0.004,-11.902]],"c":true},"ix":2},"nm":"Path 1","mn":"ADBE Vector Shape - Group","hd":false},{"ty":"fl","c":{"a":0,"k":[0.949019607843,0.858823529412,0.247058823529,1],"ix":4},"o":{"a":0,"k":100,"ix":5},"r":1,"bm":0,"nm":"Fill 1","mn":"ADBE Vector Graphic - Fill","hd":false},{"ty":"tr","p":{"a":0,"k":[0,0],"ix":2},"a":{"a":0,"k":[0,0],"ix":1},"s":{"a":0,"k":[300,300],"ix":3},"r":{"a":0,"k":0,"ix":6},"o":{"a":0,"k":100,"ix":7},"sk":{"a":0,"k":0,"ix":4},"sa":{"a":0,"k":0,"ix":5},"nm":"Transform"}],"nm":"Vector","np":2,"cix":2,"bm":0,"ix":1,"mn":"ADBE Vector Group","hd":false}],"ip":0,"op":599.400024414062,"st":0,"bm":0}]},{"id":"comp_2","layers":[{"ddd":0,"ind":1,"ty":4,"nm":"Vector","sr":1,"ks":{"o":{"a":1,"k":[{"i":{"x":[0.667],"y":[1]},"o":{"x":[0.167],"y":[0]},"t":28.971,"s":[0]},{"i":{"x":[0.667],"y":[1.178]},"o":{"x":[0.333],"y":[0]},"t":59.94,"s":[60]},{"i":{"x":[0.667],"y":[1]},"o":{"x":[0.333],"y":[1.178]},"t":71.928,"s":[80]},{"t":389.610015869141,"s":[0]}],"ix":11},"r":{"a":0,"k":0,"ix":10},"p":{"a":0,"k":[48,48,0],"ix":2},"a":{"a":0,"k":[0,0,0],"ix":1},"s":{"a":0,"k":[100,100,100],"ix":6}},"ao":0,"shapes":[{"ty":"gr","it":[{"ind":0,"ty":"sh","ix":1,"ks":{"a":0,"k":{"i":[[0,5.835],[0,-5.821]],"o":[[0,-5.835],[0,5.807]],"v":[[-4.524,0.003],[4.524,0.003]],"c":true},"ix":2},"nm":"Path 1","mn":"ADBE Vector Shape - Group","hd":false},{"ty":"fl","c":{"a":0,"k":[0.290199995041,0.290199995041,0.290199995041,1],"ix":4},"o":{"a":0,"k":100,"ix":5},"r":1,"bm":0,"nm":"Fill 1","mn":"ADBE Vector Graphic - Fill","hd":false},{"ty":"tr","p":{"a":0,"k":[0,0],"ix":2},"a":{"a":0,"k":[0,0],"ix":1},"s":{"a":0,"k":[300,300],"ix":3},"r":{"a":0,"k":0,"ix":6},"o":{"a":0,"k":100,"ix":7},"sk":{"a":0,"k":0,"ix":4},"sa":{"a":0,"k":0,"ix":5},"nm":"Transform"}],"nm":"Vector","np":2,"cix":2,"bm":0,"ix":1,"mn":"ADBE Vector Group","hd":false}],"ip":0,"op":599.400024414062,"st":0,"bm":0}]},{"id":"comp_3","layers":[{"ddd":0,"ind":1,"ty":4,"nm":"Vector","sr":1,"ks":{"o":{"a":1,"k":[{"i":{"x":[0.667],"y":[1]},"o":{"x":[0.167],"y":[0]},"t":0,"s":[0]},{"i":{"x":[0.667],"y":[1]},"o":{"x":[0.333],"y":[0]},"t":57.942,"s":[16]},{"i":{"x":[0.667],"y":[0.675]},"o":{"x":[0.333],"y":[0]},"t":179.82,"s":[40]},{"t":390.609015909831,"s":[0]}],"ix":11},"r":{"a":0,"k":0,"ix":10},"p":{"a":0,"k":[36.65,37.158,0],"ix":2},"a":{"a":0,"k":[0,0,0],"ix":1},"s":{"a":0,"k":[100,100,100],"ix":6}},"ao":0,"shapes":[{"ty":"gr","it":[{"ind":0,"ty":"sh","ix":1,"ks":{"a":0,"k":{"i":[[0,5.828],[0,-5.821]],"o":[[0,-5.828],[0,5.835]],"v":[[-4.524,-0.003],[4.524,-0.003]],"c":true},"ix":2},"nm":"Path 1","mn":"ADBE Vector Shape - Group","hd":false},{"ty":"fl","c":{"a":0,"k":[0.949019607843,0.858177633847,0.247058823529,1],"ix":4},"o":{"a":0,"k":100,"ix":5},"r":1,"bm":0,"nm":"Fill 1","mn":"ADBE Vector Graphic - Fill","hd":false},{"ty":"tr","p":{"a":0,"k":[0,0],"ix":2},"a":{"a":0,"k":[0,0],"ix":1},"s":{"a":0,"k":[300,300],"ix":3},"r":{"a":0,"k":0,"ix":6},"o":{"a":0,"k":100,"ix":7},"sk":{"a":0,"k":0,"ix":4},"sa":{"a":0,"k":0,"ix":5},"nm":"Transform"}],"nm":"Vector","np":2,"cix":2,"bm":0,"ix":1,"mn":"ADBE Vector Group","hd":false}],"ip":0,"op":600.399024454753,"st":0,"bm":0}]},{"id":"comp_4","layers":[{"ddd":0,"ind":1,"ty":4,"nm":"Vector","sr":1,"ks":{"o":{"a":1,"k":[{"i":{"x":[0.833],"y":[1]},"o":{"x":[0.167],"y":[0]},"t":28.971,"s":[0]},{"i":{"x":[0.667],"y":[1]},"o":{"x":[0.333],"y":[0]},"t":108.891,"s":[60]},{"i":{"x":[0.667],"y":[1]},"o":{"x":[0.333],"y":[0]},"t":207.792,"s":[80]},{"t":359.640014648438,"s":[10]}],"ix":11},"r":{"a":0,"k":0,"ix":10},"p":{"a":0,"k":[30,30,0],"ix":2},"a":{"a":0,"k":[0,0,0],"ix":1},"s":{"a":0,"k":[100,100,100],"ix":6}},"ao":0,"shapes":[{"ty":"gr","it":[{"ind":0,"ty":"sh","ix":1,"ks":{"a":0,"k":{"i":[[0,2.14],[0,-2.14]],"o":[[0,-2.14],[0,2.14]],"v":[[-1.666,0],[1.666,0]],"c":true},"ix":2},"nm":"Path 1","mn":"ADBE Vector Shape - Group","hd":false},{"ty":"fl","c":{"a":0,"k":[0.290199995041,0.290199995041,0.290199995041,1],"ix":4},"o":{"a":0,"k":100,"ix":5},"r":1,"bm":0,"nm":"Fill 1","mn":"ADBE Vector Graphic - Fill","hd":false},{"ty":"tr","p":{"a":0,"k":[0,0],"ix":2},"a":{"a":0,"k":[0,0],"ix":1},"s":{"a":0,"k":[300,300],"ix":3},"r":{"a":0,"k":0,"ix":6},"o":{"a":0,"k":100,"ix":7},"sk":{"a":0,"k":0,"ix":4},"sa":{"a":0,"k":0,"ix":5},"nm":"Transform"}],"nm":"Vector","np":2,"cix":2,"bm":0,"ix":1,"mn":"ADBE Vector Group","hd":false}],"ip":0,"op":599.400024414062,"st":0,"bm":0}]},{"id":"comp_5","layers":[{"ddd":0,"ind":1,"ty":4,"nm":"blue 6","sr":1,"ks":{"o":{"a":1,"k":[{"i":{"x":[0.667],"y":[1]},"o":{"x":[0.333],"y":[0]},"t":0,"s":[10]},{"i":{"x":[0.667],"y":[1]},"o":{"x":[0.333],"y":[0]},"t":298.701,"s":[48]},{"t":598.401024373372,"s":[5]}],"ix":11},"r":{"a":0,"k":0,"ix":10},"p":{"a":0,"k":[903.332,2127.87,0],"ix":2},"a":{"a":0,"k":[0,0,0],"ix":1},"s":{"a":0,"k":[100,100,100],"ix":6}},"ao":0,"shapes":[{"ty":"gr","it":[{"ind":0,"ty":"sh","ix":1,"ks":{"a":0,"k":{"i":[[0,3.067],[0,-3.06]],"o":[[0,-3.067],[0,3.067]],"v":[[-2.38,-0.001],[2.38,-0.001]],"c":true},"ix":2},"nm":"Path 1","mn":"ADBE Vector Shape - Group","hd":false},{"ty":"gf","o":{"a":0,"k":100,"ix":10},"r":1,"bm":0,"g":{"p":2,"k":{"a":0,"k":[0,1,1,1,1,0,0,0],"ix":9}},"s":{"a":0,"k":[0,0],"ix":5},"e":{"a":0,"k":[2.38,0],"ix":6},"t":2,"h":{"a":0,"k":0,"ix":7},"a":{"a":0,"k":0,"ix":8},"nm":"Gradient Fill 1","mn":"ADBE Vector Graphic - G-Fill","hd":false},{"ty":"tr","p":{"a":0,"k":[0,0],"ix":2},"a":{"a":0,"k":[0,0],"ix":1},"s":{"a":0,"k":[300,300],"ix":3},"r":{"a":0,"k":0,"ix":6},"o":{"a":0,"k":100,"ix":7},"sk":{"a":0,"k":0,"ix":4},"sa":{"a":0,"k":0,"ix":5},"nm":"Transform"}],"nm":"Vector","np":2,"cix":2,"bm":0,"ix":1,"mn":"ADBE Vector Group","hd":false}],"ip":0,"op":600.399024454753,"st":0,"bm":0},{"ddd":0,"ind":2,"ty":4,"nm":"purple 6","sr":1,"ks":{"o":{"a":1,"k":[{"i":{"x":[0.833],"y":[1]},"o":{"x":[0.333],"y":[0]},"t":0,"s":[10]},{"i":{"x":[0.833],"y":[1]},"o":{"x":[0.167],"y":[0]},"t":298.701,"s":[48]},{"i":{"x":[0.667],"y":[1]},"o":{"x":[0.167],"y":[0]},"t":598.401,"s":[5]},{"i":{"x":[0.667],"y":[1]},"o":{"x":[0.333],"y":[0]},"t":898.101,"s":[0]},{"t":1196.80204874674,"s":[47]}],"ix":11},"r":{"a":0,"k":0,"ix":10},"p":{"a":0,"k":[787.384,99.021,0],"ix":2},"a":{"a":0,"k":[0,0,0],"ix":1},"s":{"a":0,"k":[100,100,100],"ix":6}},"ao":0,"shapes":[{"ty":"gr","it":[{"ind":0,"ty":"sh","ix":1,"ks":{"a":0,"k":{"i":[[0,3.06],[0,-3.06]],"o":[[0,-3.06],[0,3.067]],"v":[[-2.38,-0.001],[2.38,-0.001]],"c":true},"ix":2},"nm":"Path 1","mn":"ADBE Vector Shape - Group","hd":false},{"ty":"fl","c":{"a":0,"k":[0.929400026798,0.929400026798,0.929400026798,1],"ix":4},"o":{"a":0,"k":100,"ix":5},"r":1,"bm":0,"nm":"Fill 1","mn":"ADBE Vector Graphic - Fill","hd":false},{"ty":"tr","p":{"a":0,"k":[0,0],"ix":2},"a":{"a":0,"k":[0,0],"ix":1},"s":{"a":0,"k":[300,300],"ix":3},"r":{"a":0,"k":0,"ix":6},"o":{"a":0,"k":100,"ix":7},"sk":{"a":0,"k":0,"ix":4},"sa":{"a":0,"k":0,"ix":5},"nm":"Transform"}],"nm":"Vector","np":2,"cix":2,"bm":0,"ix":1,"mn":"ADBE Vector Group","hd":false}],"ip":0,"op":600.399024454753,"st":0,"bm":0},{"ddd":0,"ind":3,"ty":4,"nm":"pink 6","sr":1,"ks":{"o":{"a":1,"k":[{"i":{"x":[0.833],"y":[1]},"o":{"x":[0.333],"y":[0]},"t":0,"s":[10]},{"i":{"x":[0.833],"y":[1]},"o":{"x":[0.167],"y":[0]},"t":298.701,"s":[48]},{"i":{"x":[0.667],"y":[1]},"o":{"x":[0.167],"y":[0]},"t":598.401,"s":[5]},{"i":{"x":[0.667],"y":[1]},"o":{"x":[0.333],"y":[0]},"t":898.101,"s":[0]},{"t":1196.80204874674,"s":[47]}],"ix":11},"r":{"a":0,"k":0,"ix":10},"p":{"a":0,"k":[1015.384,859.868,0],"ix":2},"a":{"a":0,"k":[0,0,0],"ix":1},"s":{"a":0,"k":[100,100,100],"ix":6}},"ao":0,"shapes":[{"ty":"gr","it":[{"ind":0,"ty":"sh","ix":1,"ks":{"a":0,"k":{"i":[[0,3.067],[0,-3.06]],"o":[[0,-3.067],[0,3.067]],"v":[[-2.38,-0.001],[2.38,-0.001]],"c":true},"ix":2},"nm":"Path 1","mn":"ADBE Vector Shape - Group","hd":false},{"ty":"fl","c":{"a":0,"k":[0.749000012875,0.86669999361,0.588199973106,1],"ix":4},"o":{"a":0,"k":100,"ix":5},"r":1,"bm":0,"nm":"Fill 1","mn":"ADBE Vector Graphic - Fill","hd":false},{"ty":"tr","p":{"a":0,"k":[0,0],"ix":2},"a":{"a":0,"k":[0,0],"ix":1},"s":{"a":0,"k":[300,300],"ix":3},"r":{"a":0,"k":0,"ix":6},"o":{"a":0,"k":100,"ix":7},"sk":{"a":0,"k":0,"ix":4},"sa":{"a":0,"k":0,"ix":5},"nm":"Transform"}],"nm":"Vector","np":2,"cix":2,"bm":0,"ix":1,"mn":"ADBE Vector Group","hd":false}],"ip":0,"op":600.399024454753,"st":0,"bm":0},{"ddd":0,"ind":4,"ty":4,"nm":"blue 5","sr":1,"ks":{"o":{"a":1,"k":[{"i":{"x":[0.667],"y":[1]},"o":{"x":[0.333],"y":[0]},"t":0,"s":[47]},{"i":{"x":[0.667],"y":[1]},"o":{"x":[0.333],"y":[0]},"t":299.7,"s":[5]},{"t":598.401024373372,"s":[47]}],"ix":11},"r":{"a":0,"k":0,"ix":10},"p":{"a":0,"k":[671.332,499.87,0],"ix":2},"a":{"a":0,"k":[0,0,0],"ix":1},"s":{"a":0,"k":[100,100,100],"ix":6}},"ao":0,"shapes":[{"ty":"gr","it":[{"ind":0,"ty":"sh","ix":1,"ks":{"a":0,"k":{"i":[[0,3.067],[0,-3.06]],"o":[[0,-3.067],[0,3.067]],"v":[[-2.38,-0.001],[2.38,-0.001]],"c":true},"ix":2},"nm":"Path 1","mn":"ADBE Vector Shape - Group","hd":false},{"ty":"gf","o":{"a":0,"k":100,"ix":10},"r":1,"bm":0,"g":{"p":2,"k":{"a":0,"k":[0,1,1,1,1,0,0,0],"ix":9}},"s":{"a":0,"k":[0,0],"ix":5},"e":{"a":0,"k":[2.38,0],"ix":6},"t":2,"h":{"a":0,"k":0,"ix":7},"a":{"a":0,"k":0,"ix":8},"nm":"Gradient Fill 1","mn":"ADBE Vector Graphic - G-Fill","hd":false},{"ty":"tr","p":{"a":0,"k":[0,0],"ix":2},"a":{"a":0,"k":[0,0],"ix":1},"s":{"a":0,"k":[300,300],"ix":3},"r":{"a":0,"k":0,"ix":6},"o":{"a":0,"k":100,"ix":7},"sk":{"a":0,"k":0,"ix":4},"sa":{"a":0,"k":0,"ix":5},"nm":"Transform"}],"nm":"Vector","np":2,"cix":2,"bm":0,"ix":1,"mn":"ADBE Vector Group","hd":false}],"ip":0,"op":600.399024454753,"st":0,"bm":0},{"ddd":0,"ind":5,"ty":4,"nm":"pink 5","sr":1,"ks":{"o":{"a":1,"k":[{"i":{"x":[0.833],"y":[1]},"o":{"x":[0.167],"y":[0]},"t":0,"s":[36]},{"i":{"x":[0.667],"y":[1]},"o":{"x":[0.167],"y":[0]},"t":299.7,"s":[5]},{"i":{"x":[0.667],"y":[1]},"o":{"x":[0.333],"y":[0]},"t":598.401,"s":[47]},{"i":{"x":[0.667],"y":[1]},"o":{"x":[0.333],"y":[0]},"t":898.101,"s":[0]},{"t":1196.80204874674,"s":[47]}],"ix":11},"r":{"a":0,"k":0,"ix":10},"p":{"a":0,"k":[279.384,1071.868,0],"ix":2},"a":{"a":0,"k":[0,0,0],"ix":1},"s":{"a":0,"k":[100,100,100],"ix":6}},"ao":0,"shapes":[{"ty":"gr","it":[{"ind":0,"ty":"sh","ix":1,"ks":{"a":0,"k":{"i":[[0,3.067],[0,-3.06]],"o":[[0,-3.067],[0,3.067]],"v":[[-2.38,-0.001],[2.38,-0.001]],"c":true},"ix":2},"nm":"Path 1","mn":"ADBE Vector Shape - Group","hd":false},{"ty":"fl","c":{"a":0,"k":[0.749000012875,0.86669999361,0.588199973106,1],"ix":4},"o":{"a":0,"k":100,"ix":5},"r":1,"bm":0,"nm":"Fill 1","mn":"ADBE Vector Graphic - Fill","hd":false},{"ty":"tr","p":{"a":0,"k":[0,0],"ix":2},"a":{"a":0,"k":[0,0],"ix":1},"s":{"a":0,"k":[300,300],"ix":3},"r":{"a":0,"k":0,"ix":6},"o":{"a":0,"k":100,"ix":7},"sk":{"a":0,"k":0,"ix":4},"sa":{"a":0,"k":0,"ix":5},"nm":"Transform"}],"nm":"Vector","np":2,"cix":2,"bm":0,"ix":1,"mn":"ADBE Vector Group","hd":false}],"ip":0,"op":600.399024454753,"st":0,"bm":0},{"ddd":0,"ind":6,"ty":4,"nm":"purple 5","sr":1,"ks":{"o":{"a":1,"k":[{"i":{"x":[0.833],"y":[1]},"o":{"x":[0.167],"y":[0]},"t":0,"s":[36]},{"i":{"x":[0.667],"y":[1]},"o":{"x":[0.167],"y":[0]},"t":299.7,"s":[5]},{"i":{"x":[0.667],"y":[1]},"o":{"x":[0.333],"y":[0]},"t":598.401,"s":[47]},{"i":{"x":[0.667],"y":[1]},"o":{"x":[0.333],"y":[0]},"t":898.101,"s":[0]},{"t":1196.80204874674,"s":[47]}],"ix":11},"r":{"a":0,"k":0,"ix":10},"p":{"a":0,"k":[679.384,2143.021,0],"ix":2},"a":{"a":0,"k":[0,0,0],"ix":1},"s":{"a":0,"k":[100,100,100],"ix":6}},"ao":0,"shapes":[{"ty":"gr","it":[{"ind":0,"ty":"sh","ix":1,"ks":{"a":0,"k":{"i":[[0,3.06],[0,-3.06]],"o":[[0,-3.06],[0,3.067]],"v":[[-2.38,-0.001],[2.38,-0.001]],"c":true},"ix":2},"nm":"Path 1","mn":"ADBE Vector Shape - Group","hd":false},{"ty":"fl","c":{"a":0,"k":[0.929400026798,0.929400026798,0.929400026798,1],"ix":4},"o":{"a":0,"k":100,"ix":5},"r":1,"bm":0,"nm":"Fill 1","mn":"ADBE Vector Graphic - Fill","hd":false},{"ty":"tr","p":{"a":0,"k":[0,0],"ix":2},"a":{"a":0,"k":[0,0],"ix":1},"s":{"a":0,"k":[300,300],"ix":3},"r":{"a":0,"k":0,"ix":6},"o":{"a":0,"k":100,"ix":7},"sk":{"a":0,"k":0,"ix":4},"sa":{"a":0,"k":0,"ix":5},"nm":"Transform"}],"nm":"Vector","np":2,"cix":2,"bm":0,"ix":1,"mn":"ADBE Vector Group","hd":false}],"ip":0,"op":600.399024454753,"st":0,"bm":0},{"ddd":0,"ind":7,"ty":4,"nm":"blue 4","sr":1,"ks":{"o":{"a":1,"k":[{"i":{"x":[0.667],"y":[1]},"o":{"x":[0.333],"y":[0]},"t":0,"s":[10]},{"i":{"x":[0.667],"y":[1]},"o":{"x":[0.333],"y":[0]},"t":298.701,"s":[47]},{"t":598.401024373372,"s":[8]}],"ix":11},"r":{"a":0,"k":0,"ix":10},"p":{"a":0,"k":[919.332,1403.87,0],"ix":2},"a":{"a":0,"k":[0,0,0],"ix":1},"s":{"a":0,"k":[100,100,100],"ix":6}},"ao":0,"shapes":[{"ty":"gr","it":[{"ind":0,"ty":"sh","ix":1,"ks":{"a":0,"k":{"i":[[0,3.067],[0,-3.06]],"o":[[0,-3.067],[0,3.067]],"v":[[-2.38,-0.001],[2.38,-0.001]],"c":true},"ix":2},"nm":"Path 1","mn":"ADBE Vector Shape - Group","hd":false},{"ty":"gf","o":{"a":0,"k":100,"ix":10},"r":1,"bm":0,"g":{"p":2,"k":{"a":0,"k":[0,1,1,1,1,0,0,0],"ix":9}},"s":{"a":0,"k":[0,0],"ix":5},"e":{"a":0,"k":[2.38,0],"ix":6},"t":2,"h":{"a":0,"k":0,"ix":7},"a":{"a":0,"k":0,"ix":8},"nm":"Gradient Fill 1","mn":"ADBE Vector Graphic - G-Fill","hd":false},{"ty":"tr","p":{"a":0,"k":[0,0],"ix":2},"a":{"a":0,"k":[0,0],"ix":1},"s":{"a":0,"k":[300,300],"ix":3},"r":{"a":0,"k":0,"ix":6},"o":{"a":0,"k":100,"ix":7},"sk":{"a":0,"k":0,"ix":4},"sa":{"a":0,"k":0,"ix":5},"nm":"Transform"}],"nm":"Vector","np":2,"cix":2,"bm":0,"ix":1,"mn":"ADBE Vector Group","hd":false}],"ip":0,"op":600.399024454753,"st":0,"bm":0},{"ddd":0,"ind":8,"ty":4,"nm":"purple 4","sr":1,"ks":{"o":{"a":1,"k":[{"i":{"x":[0.659],"y":[1.074]},"o":{"x":[0.297],"y":[0]},"t":0,"s":[10]},{"i":{"x":[0.815],"y":[1]},"o":{"x":[0.425],"y":[0.088]},"t":298.701,"s":[42.415]},{"i":{"x":[0.667],"y":[1]},"o":{"x":[0.167],"y":[0]},"t":598.401,"s":[8]},{"i":{"x":[0.667],"y":[1]},"o":{"x":[0.333],"y":[0]},"t":898.101,"s":[0]},{"t":1196.80204874674,"s":[47]}],"ix":11},"r":{"a":0,"k":0,"ix":10},"p":{"a":0,"k":[267.384,131.021,0],"ix":2},"a":{"a":0,"k":[0,0,0],"ix":1},"s":{"a":0,"k":[100,100,100],"ix":6}},"ao":0,"shapes":[{"ty":"gr","it":[{"ind":0,"ty":"sh","ix":1,"ks":{"a":0,"k":{"i":[[0,3.06],[0,-3.06]],"o":[[0,-3.06],[0,3.067]],"v":[[-2.38,-0.001],[2.38,-0.001]],"c":true},"ix":2},"nm":"Path 1","mn":"ADBE Vector Shape - Group","hd":false},{"ty":"fl","c":{"a":0,"k":[0.929400026798,0.929400026798,0.929400026798,1],"ix":4},"o":{"a":0,"k":100,"ix":5},"r":1,"bm":0,"nm":"Fill 1","mn":"ADBE Vector Graphic - Fill","hd":false},{"ty":"tr","p":{"a":0,"k":[0,0],"ix":2},"a":{"a":0,"k":[0,0],"ix":1},"s":{"a":0,"k":[300,300],"ix":3},"r":{"a":0,"k":0,"ix":6},"o":{"a":0,"k":100,"ix":7},"sk":{"a":0,"k":0,"ix":4},"sa":{"a":0,"k":0,"ix":5},"nm":"Transform"}],"nm":"Vector","np":2,"cix":2,"bm":0,"ix":1,"mn":"ADBE Vector Group","hd":false}],"ip":0,"op":600.399024454753,"st":0,"bm":0},{"ddd":0,"ind":9,"ty":4,"nm":"pink 4","sr":1,"ks":{"o":{"a":1,"k":[{"i":{"x":[0.659],"y":[1.074]},"o":{"x":[0.297],"y":[0]},"t":0,"s":[10]},{"i":{"x":[0.815],"y":[1]},"o":{"x":[0.425],"y":[0.088]},"t":298.701,"s":[42.415]},{"i":{"x":[0.667],"y":[1]},"o":{"x":[0.167],"y":[0]},"t":598.401,"s":[8]},{"i":{"x":[0.667],"y":[1]},"o":{"x":[0.333],"y":[0]},"t":898.101,"s":[0]},{"t":1196.80204874674,"s":[47]}],"ix":11},"r":{"a":0,"k":0,"ix":10},"p":{"a":0,"k":[455.384,711.868,0],"ix":2},"a":{"a":0,"k":[0,0,0],"ix":1},"s":{"a":0,"k":[100,100,100],"ix":6}},"ao":0,"shapes":[{"ty":"gr","it":[{"ind":0,"ty":"sh","ix":1,"ks":{"a":0,"k":{"i":[[0,3.067],[0,-3.06]],"o":[[0,-3.067],[0,3.067]],"v":[[-2.38,-0.001],[2.38,-0.001]],"c":true},"ix":2},"nm":"Path 1","mn":"ADBE Vector Shape - Group","hd":false},{"ty":"fl","c":{"a":0,"k":[0.749000012875,0.86669999361,0.588199973106,1],"ix":4},"o":{"a":0,"k":100,"ix":5},"r":1,"bm":0,"nm":"Fill 1","mn":"ADBE Vector Graphic - Fill","hd":false},{"ty":"tr","p":{"a":0,"k":[0,0],"ix":2},"a":{"a":0,"k":[0,0],"ix":1},"s":{"a":0,"k":[300,300],"ix":3},"r":{"a":0,"k":0,"ix":6},"o":{"a":0,"k":100,"ix":7},"sk":{"a":0,"k":0,"ix":4},"sa":{"a":0,"k":0,"ix":5},"nm":"Transform"}],"nm":"Vector","np":2,"cix":2,"bm":0,"ix":1,"mn":"ADBE Vector Group","hd":false}],"ip":0,"op":600.399024454753,"st":0,"bm":0},{"ddd":0,"ind":10,"ty":4,"nm":"blue 3","sr":1,"ks":{"o":{"a":1,"k":[{"i":{"x":[0.667],"y":[1]},"o":{"x":[0.333],"y":[0]},"t":0,"s":[47]},{"i":{"x":[0.667],"y":[1]},"o":{"x":[0.333],"y":[0]},"t":299.7,"s":[10]},{"t":598.401024373372,"s":[47]}],"ix":11},"r":{"a":0,"k":0,"ix":10},"p":{"a":0,"k":[179.332,1975.87,0],"ix":2},"a":{"a":0,"k":[0,0,0],"ix":1},"s":{"a":0,"k":[100,100,100],"ix":6}},"ao":0,"shapes":[{"ty":"gr","it":[{"ind":0,"ty":"sh","ix":1,"ks":{"a":0,"k":{"i":[[0,3.067],[0,-3.06]],"o":[[0,-3.067],[0,3.067]],"v":[[-2.38,-0.001],[2.38,-0.001]],"c":true},"ix":2},"nm":"Path 1","mn":"ADBE Vector Shape - Group","hd":false},{"ty":"gf","o":{"a":0,"k":100,"ix":10},"r":1,"bm":0,"g":{"p":2,"k":{"a":0,"k":[0,1,1,1,1,0,0,0],"ix":9}},"s":{"a":0,"k":[0,0],"ix":5},"e":{"a":0,"k":[2.38,0],"ix":6},"t":2,"h":{"a":0,"k":0,"ix":7},"a":{"a":0,"k":0,"ix":8},"nm":"Gradient Fill 1","mn":"ADBE Vector Graphic - G-Fill","hd":false},{"ty":"tr","p":{"a":0,"k":[0,0],"ix":2},"a":{"a":0,"k":[0,0],"ix":1},"s":{"a":0,"k":[300,300],"ix":3},"r":{"a":0,"k":0,"ix":6},"o":{"a":0,"k":100,"ix":7},"sk":{"a":0,"k":0,"ix":4},"sa":{"a":0,"k":0,"ix":5},"nm":"Transform"}],"nm":"Vector","np":2,"cix":2,"bm":0,"ix":1,"mn":"ADBE Vector Group","hd":false}],"ip":0,"op":600.399024454753,"st":0,"bm":0},{"ddd":0,"ind":11,"ty":4,"nm":"pink 3","sr":1,"ks":{"o":{"a":1,"k":[{"i":{"x":[0.833],"y":[1]},"o":{"x":[0.167],"y":[0]},"t":0,"s":[36]},{"i":{"x":[0.667],"y":[1]},"o":{"x":[0.167],"y":[0]},"t":299.7,"s":[10]},{"i":{"x":[0.667],"y":[1]},"o":{"x":[0.333],"y":[0]},"t":598.401,"s":[47]},{"i":{"x":[0.667],"y":[1]},"o":{"x":[0.333],"y":[0]},"t":898.101,"s":[0]},{"t":1196.80204874674,"s":[47]}],"ix":11},"r":{"a":0,"k":0,"ix":10},"p":{"a":0,"k":[467.384,299.868,0],"ix":2},"a":{"a":0,"k":[0,0,0],"ix":1},"s":{"a":0,"k":[100,100,100],"ix":6}},"ao":0,"shapes":[{"ty":"gr","it":[{"ind":0,"ty":"sh","ix":1,"ks":{"a":0,"k":{"i":[[0,3.067],[0,-3.06]],"o":[[0,-3.067],[0,3.067]],"v":[[-2.38,-0.001],[2.38,-0.001]],"c":true},"ix":2},"nm":"Path 1","mn":"ADBE Vector Shape - Group","hd":false},{"ty":"fl","c":{"a":0,"k":[0.749000012875,0.86669999361,0.588199973106,1],"ix":4},"o":{"a":0,"k":100,"ix":5},"r":1,"bm":0,"nm":"Fill 1","mn":"ADBE Vector Graphic - Fill","hd":false},{"ty":"tr","p":{"a":0,"k":[0,0],"ix":2},"a":{"a":0,"k":[0,0],"ix":1},"s":{"a":0,"k":[300,300],"ix":3},"r":{"a":0,"k":0,"ix":6},"o":{"a":0,"k":100,"ix":7},"sk":{"a":0,"k":0,"ix":4},"sa":{"a":0,"k":0,"ix":5},"nm":"Transform"}],"nm":"Vector","np":2,"cix":2,"bm":0,"ix":1,"mn":"ADBE Vector Group","hd":false}],"ip":0,"op":600.399024454753,"st":0,"bm":0},{"ddd":0,"ind":12,"ty":4,"nm":"purple 3","sr":1,"ks":{"o":{"a":1,"k":[{"i":{"x":[0.833],"y":[1]},"o":{"x":[0.167],"y":[0]},"t":0,"s":[36]},{"i":{"x":[0.667],"y":[1]},"o":{"x":[0.167],"y":[0]},"t":299.7,"s":[10]},{"i":{"x":[0.667],"y":[1]},"o":{"x":[0.333],"y":[0]},"t":598.401,"s":[47]},{"i":{"x":[0.667],"y":[1]},"o":{"x":[0.333],"y":[0]},"t":898.101,"s":[0]},{"t":1196.80204874674,"s":[47]}],"ix":11},"r":{"a":0,"k":0,"ix":10},"p":{"a":0,"k":[15.384,931.021,0],"ix":2},"a":{"a":0,"k":[0,0,0],"ix":1},"s":{"a":0,"k":[100,100,100],"ix":6}},"ao":0,"shapes":[{"ty":"gr","it":[{"ind":0,"ty":"sh","ix":1,"ks":{"a":0,"k":{"i":[[0,3.06],[0,-3.06]],"o":[[0,-3.06],[0,3.067]],"v":[[-2.38,-0.001],[2.38,-0.001]],"c":true},"ix":2},"nm":"Path 1","mn":"ADBE Vector Shape - Group","hd":false},{"ty":"fl","c":{"a":0,"k":[0.929400026798,0.929400026798,0.929400026798,1],"ix":4},"o":{"a":0,"k":100,"ix":5},"r":1,"bm":0,"nm":"Fill 1","mn":"ADBE Vector Graphic - Fill","hd":false},{"ty":"tr","p":{"a":0,"k":[0,0],"ix":2},"a":{"a":0,"k":[0,0],"ix":1},"s":{"a":0,"k":[300,300],"ix":3},"r":{"a":0,"k":0,"ix":6},"o":{"a":0,"k":100,"ix":7},"sk":{"a":0,"k":0,"ix":4},"sa":{"a":0,"k":0,"ix":5},"nm":"Transform"}],"nm":"Vector","np":2,"cix":2,"bm":0,"ix":1,"mn":"ADBE Vector Group","hd":false}],"ip":0,"op":600.399024454753,"st":0,"bm":0},{"ddd":0,"ind":13,"ty":4,"nm":"blue 2","sr":1,"ks":{"o":{"a":1,"k":[{"i":{"x":[0.667],"y":[1]},"o":{"x":[0.333],"y":[0]},"t":0,"s":[10]},{"i":{"x":[0.667],"y":[1]},"o":{"x":[0.333],"y":[0]},"t":298.701,"s":[48]},{"t":598.401024373372,"s":[5]}],"ix":11},"r":{"a":0,"k":0,"ix":10},"p":{"a":0,"k":[295.332,1491.87,0],"ix":2},"a":{"a":0,"k":[0,0,0],"ix":1},"s":{"a":0,"k":[100,100,100],"ix":6}},"ao":0,"shapes":[{"ty":"gr","it":[{"ind":0,"ty":"sh","ix":1,"ks":{"a":0,"k":{"i":[[0,3.067],[0,-3.06]],"o":[[0,-3.067],[0,3.067]],"v":[[-2.38,-0.001],[2.38,-0.001]],"c":true},"ix":2},"nm":"Path 1","mn":"ADBE Vector Shape - Group","hd":false},{"ty":"gf","o":{"a":0,"k":100,"ix":10},"r":1,"bm":0,"g":{"p":2,"k":{"a":0,"k":[0,1,1,1,1,0,0,0],"ix":9}},"s":{"a":0,"k":[0,0],"ix":5},"e":{"a":0,"k":[2.38,0],"ix":6},"t":2,"h":{"a":0,"k":0,"ix":7},"a":{"a":0,"k":0,"ix":8},"nm":"Gradient Fill 1","mn":"ADBE Vector Graphic - G-Fill","hd":false},{"ty":"tr","p":{"a":0,"k":[0,0],"ix":2},"a":{"a":0,"k":[0,0],"ix":1},"s":{"a":0,"k":[300,300],"ix":3},"r":{"a":0,"k":0,"ix":6},"o":{"a":0,"k":100,"ix":7},"sk":{"a":0,"k":0,"ix":4},"sa":{"a":0,"k":0,"ix":5},"nm":"Transform"}],"nm":"Vector","np":2,"cix":2,"bm":0,"ix":1,"mn":"ADBE Vector Group","hd":false}],"ip":0,"op":600.399024454753,"st":0,"bm":0},{"ddd":0,"ind":14,"ty":4,"nm":"purple 2","sr":1,"ks":{"o":{"a":1,"k":[{"i":{"x":[0.833],"y":[1]},"o":{"x":[0.333],"y":[0]},"t":0,"s":[10]},{"i":{"x":[0.833],"y":[1]},"o":{"x":[0.167],"y":[0]},"t":298.701,"s":[48]},{"i":{"x":[0.667],"y":[1]},"o":{"x":[0.167],"y":[0]},"t":598.401,"s":[5]},{"i":{"x":[0.667],"y":[1]},"o":{"x":[0.333],"y":[0]},"t":898.101,"s":[0]},{"t":1196.80204874674,"s":[47]}],"ix":11},"r":{"a":0,"k":0,"ix":10},"p":{"a":0,"k":[199.384,2235.021,0],"ix":2},"a":{"a":0,"k":[0,0,0],"ix":1},"s":{"a":0,"k":[100,100,100],"ix":6}},"ao":0,"shapes":[{"ty":"gr","it":[{"ind":0,"ty":"sh","ix":1,"ks":{"a":0,"k":{"i":[[0,3.06],[0,-3.06]],"o":[[0,-3.06],[0,3.067]],"v":[[-2.38,-0.001],[2.38,-0.001]],"c":true},"ix":2},"nm":"Path 1","mn":"ADBE Vector Shape - Group","hd":false},{"ty":"fl","c":{"a":0,"k":[0.929400026798,0.929400026798,0.929400026798,1],"ix":4},"o":{"a":0,"k":100,"ix":5},"r":1,"bm":0,"nm":"Fill 1","mn":"ADBE Vector Graphic - Fill","hd":false},{"ty":"tr","p":{"a":0,"k":[0,0],"ix":2},"a":{"a":0,"k":[0,0],"ix":1},"s":{"a":0,"k":[300,300],"ix":3},"r":{"a":0,"k":0,"ix":6},"o":{"a":0,"k":100,"ix":7},"sk":{"a":0,"k":0,"ix":4},"sa":{"a":0,"k":0,"ix":5},"nm":"Transform"}],"nm":"Vector","np":2,"cix":2,"bm":0,"ix":1,"mn":"ADBE Vector Group","hd":false}],"ip":0,"op":600.399024454753,"st":0,"bm":0},{"ddd":0,"ind":15,"ty":4,"nm":"pink 2","sr":1,"ks":{"o":{"a":1,"k":[{"i":{"x":[0.833],"y":[1]},"o":{"x":[0.333],"y":[0]},"t":0,"s":[10]},{"i":{"x":[0.833],"y":[1]},"o":{"x":[0.167],"y":[0]},"t":298.701,"s":[48]},{"i":{"x":[0.667],"y":[1]},"o":{"x":[0.167],"y":[0]},"t":598.401,"s":[5]},{"i":{"x":[0.667],"y":[1]},"o":{"x":[0.333],"y":[0]},"t":898.101,"s":[0]},{"t":1196.80204874674,"s":[47]}],"ix":11},"r":{"a":0,"k":0,"ix":10},"p":{"a":0,"k":[203.384,351.868,0],"ix":2},"a":{"a":0,"k":[0,0,0],"ix":1},"s":{"a":0,"k":[100,100,100],"ix":6}},"ao":0,"shapes":[{"ty":"gr","it":[{"ind":0,"ty":"sh","ix":1,"ks":{"a":0,"k":{"i":[[0,3.067],[0,-3.06]],"o":[[0,-3.067],[0,3.067]],"v":[[-2.38,-0.001],[2.38,-0.001]],"c":true},"ix":2},"nm":"Path 1","mn":"ADBE Vector Shape - Group","hd":false},{"ty":"fl","c":{"a":0,"k":[0.749000012875,0.86669999361,0.588199973106,1],"ix":4},"o":{"a":0,"k":100,"ix":5},"r":1,"bm":0,"nm":"Fill 1","mn":"ADBE Vector Graphic - Fill","hd":false},{"ty":"tr","p":{"a":0,"k":[0,0],"ix":2},"a":{"a":0,"k":[0,0],"ix":1},"s":{"a":0,"k":[300,300],"ix":3},"r":{"a":0,"k":0,"ix":6},"o":{"a":0,"k":100,"ix":7},"sk":{"a":0,"k":0,"ix":4},"sa":{"a":0,"k":0,"ix":5},"nm":"Transform"}],"nm":"Vector","np":2,"cix":2,"bm":0,"ix":1,"mn":"ADBE Vector Group","hd":false}],"ip":0,"op":600.399024454753,"st":0,"bm":0},{"ddd":0,"ind":16,"ty":4,"nm":"blue","sr":1,"ks":{"o":{"a":1,"k":[{"i":{"x":[0.667],"y":[1]},"o":{"x":[0.333],"y":[0]},"t":0,"s":[47]},{"i":{"x":[0.667],"y":[1]},"o":{"x":[0.333],"y":[0]},"t":299.7,"s":[10]},{"t":598.401024373372,"s":[47]}],"ix":11},"r":{"a":0,"k":0,"ix":10},"p":{"a":0,"k":[819.332,303.87,0],"ix":2},"a":{"a":0,"k":[0,0,0],"ix":1},"s":{"a":0,"k":[100,100,100],"ix":6}},"ao":0,"shapes":[{"ty":"gr","it":[{"ind":0,"ty":"sh","ix":1,"ks":{"a":0,"k":{"i":[[0,3.067],[0,-3.06]],"o":[[0,-3.067],[0,3.067]],"v":[[-2.38,-0.001],[2.38,-0.001]],"c":true},"ix":2},"nm":"Path 1","mn":"ADBE Vector Shape - Group","hd":false},{"ty":"gf","o":{"a":0,"k":100,"ix":10},"r":1,"bm":0,"g":{"p":2,"k":{"a":0,"k":[0,1,1,1,1,0,0,0],"ix":9}},"s":{"a":0,"k":[0,0],"ix":5},"e":{"a":0,"k":[2.38,0],"ix":6},"t":2,"h":{"a":0,"k":0,"ix":7},"a":{"a":0,"k":0,"ix":8},"nm":"Gradient Fill 1","mn":"ADBE Vector Graphic - G-Fill","hd":false},{"ty":"tr","p":{"a":0,"k":[0,0],"ix":2},"a":{"a":0,"k":[0,0],"ix":1},"s":{"a":0,"k":[300,300],"ix":3},"r":{"a":0,"k":0,"ix":6},"o":{"a":0,"k":100,"ix":7},"sk":{"a":0,"k":0,"ix":4},"sa":{"a":0,"k":0,"ix":5},"nm":"Transform"}],"nm":"Vector","np":2,"cix":2,"bm":0,"ix":1,"mn":"ADBE Vector Group","hd":false}],"ip":0,"op":600.399024454753,"st":0,"bm":0},{"ddd":0,"ind":17,"ty":4,"nm":"pink","sr":1,"ks":{"o":{"a":1,"k":[{"i":{"x":[0.833],"y":[1]},"o":{"x":[0.167],"y":[0]},"t":0,"s":[36]},{"i":{"x":[0.667],"y":[1]},"o":{"x":[0.167],"y":[0]},"t":299.7,"s":[10]},{"i":{"x":[0.667],"y":[1]},"o":{"x":[0.333],"y":[0]},"t":598.401,"s":[47]},{"i":{"x":[0.667],"y":[1]},"o":{"x":[0.333],"y":[0]},"t":898.101,"s":[0]},{"t":1196.80204874674,"s":[47]}],"ix":11},"r":{"a":0,"k":0,"ix":10},"p":{"a":0,"k":[795.384,915.868,0],"ix":2},"a":{"a":0,"k":[0,0,0],"ix":1},"s":{"a":0,"k":[100,100,100],"ix":6}},"ao":0,"shapes":[{"ty":"gr","it":[{"ind":0,"ty":"sh","ix":1,"ks":{"a":0,"k":{"i":[[0,3.067],[0,-3.06]],"o":[[0,-3.067],[0,3.067]],"v":[[-2.38,-0.001],[2.38,-0.001]],"c":true},"ix":2},"nm":"Path 1","mn":"ADBE Vector Shape - Group","hd":false},{"ty":"fl","c":{"a":0,"k":[0.749000012875,0.86669999361,0.588199973106,1],"ix":4},"o":{"a":0,"k":100,"ix":5},"r":1,"bm":0,"nm":"Fill 1","mn":"ADBE Vector Graphic - Fill","hd":false},{"ty":"tr","p":{"a":0,"k":[0,0],"ix":2},"a":{"a":0,"k":[0,0],"ix":1},"s":{"a":0,"k":[300,300],"ix":3},"r":{"a":0,"k":0,"ix":6},"o":{"a":0,"k":100,"ix":7},"sk":{"a":0,"k":0,"ix":4},"sa":{"a":0,"k":0,"ix":5},"nm":"Transform"}],"nm":"Vector","np":2,"cix":2,"bm":0,"ix":1,"mn":"ADBE Vector Group","hd":false}],"ip":0,"op":600.399024454753,"st":0,"bm":0},{"ddd":0,"ind":18,"ty":4,"nm":"purple","sr":1,"ks":{"o":{"a":1,"k":[{"i":{"x":[0.833],"y":[1]},"o":{"x":[0.167],"y":[0]},"t":0,"s":[36]},{"i":{"x":[0.667],"y":[1]},"o":{"x":[0.167],"y":[0]},"t":299.7,"s":[10]},{"i":{"x":[0.667],"y":[1]},"o":{"x":[0.333],"y":[0]},"t":598.401,"s":[47]},{"i":{"x":[0.667],"y":[1]},"o":{"x":[0.333],"y":[0]},"t":898.101,"s":[0]},{"t":1196.80204874674,"s":[47]}],"ix":11},"r":{"a":0,"k":0,"ix":10},"p":{"a":0,"k":[551.384,1755.021,0],"ix":2},"a":{"a":0,"k":[0,0,0],"ix":1},"s":{"a":0,"k":[100,100,100],"ix":6}},"ao":0,"shapes":[{"ty":"gr","it":[{"ind":0,"ty":"sh","ix":1,"ks":{"a":0,"k":{"i":[[0,3.06],[0,-3.06]],"o":[[0,-3.06],[0,3.067]],"v":[[-2.38,-0.001],[2.38,-0.001]],"c":true},"ix":2},"nm":"Path 1","mn":"ADBE Vector Shape - Group","hd":false},{"ty":"fl","c":{"a":0,"k":[0.929400026798,0.929400026798,0.929400026798,1],"ix":4},"o":{"a":0,"k":100,"ix":5},"r":1,"bm":0,"nm":"Fill 1","mn":"ADBE Vector Graphic - Fill","hd":false},{"ty":"tr","p":{"a":0,"k":[0,0],"ix":2},"a":{"a":0,"k":[0,0],"ix":1},"s":{"a":0,"k":[300,300],"ix":3},"r":{"a":0,"k":0,"ix":6},"o":{"a":0,"k":100,"ix":7},"sk":{"a":0,"k":0,"ix":4},"sa":{"a":0,"k":0,"ix":5},"nm":"Transform"}],"nm":"Vector","np":2,"cix":2,"bm":0,"ix":1,"mn":"ADBE Vector Group","hd":false}],"ip":0,"op":600.399024454753,"st":0,"bm":0}]}],"layers":[{"ddd":0,"ind":1,"ty":0,"nm":"star_composition","refId":"comp_0","sr":1,"ks":{"o":{"a":1,"k":[{"i":{"x":[0.833],"y":[0.833]},"o":{"x":[0.167],"y":[0.167]},"t":16,"s":[0]},{"i":{"x":[0.833],"y":[0.833]},"o":{"x":[0.167],"y":[0.167]},"t":30,"s":[100]},{"i":{"x":[0.833],"y":[0.833]},"o":{"x":[0.167],"y":[0.167]},"t":570,"s":[100]},{"t":599.00002439777,"s":[0]}],"ix":11},"r":{"a":0,"k":-90,"ix":10},"p":{"a":0,"k":[422,190,0],"ix":2},"a":{"a":0,"k":[625,1346,0],"ix":1},"s":{"a":0,"k":[33.236,33.236,100],"ix":6}},"ao":0,"ef":[{"ty":5,"nm":"Gaussian Blur (Legacy)","np":4,"mn":"ADBE Gaussian Blur","ix":1,"en":1,"ef":[{"ty":0,"nm":"Blurriness","mn":"ADBE Gaussian Blur-0001","ix":1,"v":{"a":0,"k":0,"ix":1}},{"ty":7,"nm":"Blur Dimensions","mn":"ADBE Gaussian Blur-0002","ix":2,"v":{"a":0,"k":1,"ix":2}}]}],"w":1250,"h":2692,"ip":0,"op":599.400024414062,"st":0,"bm":0},{"ddd":0,"ind":2,"ty":0,"nm":"star_composition","refId":"comp_0","sr":1,"ks":{"o":{"a":1,"k":[{"i":{"x":[0.833],"y":[0.833]},"o":{"x":[0.167],"y":[0.167]},"t":16,"s":[0]},{"i":{"x":[0.833],"y":[0.833]},"o":{"x":[0.167],"y":[0.167]},"t":30,"s":[100]},{"i":{"x":[0.833],"y":[0.833]},"o":{"x":[0.167],"y":[0.167]},"t":570,"s":[100]},{"t":599.00002439777,"s":[0]}],"ix":11},"r":{"a":0,"k":-180,"ix":10},"p":{"a":0,"k":[638,-50,0],"ix":2},"a":{"a":0,"k":[625,1346,0],"ix":1},"s":{"a":0,"k":[33.236,33.236,100],"ix":6}},"ao":0,"ef":[{"ty":5,"nm":"Gaussian Blur (Legacy)","np":4,"mn":"ADBE Gaussian Blur","ix":1,"en":1,"ef":[{"ty":0,"nm":"Blurriness","mn":"ADBE Gaussian Blur-0001","ix":1,"v":{"a":0,"k":0,"ix":1}},{"ty":7,"nm":"Blur Dimensions","mn":"ADBE Gaussian Blur-0002","ix":2,"v":{"a":0,"k":1,"ix":2}}]}],"w":1250,"h":2692,"ip":0,"op":599.400024414062,"st":0,"bm":0},{"ddd":0,"ind":3,"ty":0,"nm":"star_composition","refId":"comp_0","sr":1,"ks":{"o":{"a":1,"k":[{"i":{"x":[0.833],"y":[0.833]},"o":{"x":[0.167],"y":[0.167]},"t":16,"s":[0]},{"i":{"x":[0.833],"y":[0.833]},"o":{"x":[0.167],"y":[0.167]},"t":30,"s":[100]},{"i":{"x":[0.833],"y":[0.833]},"o":{"x":[0.167],"y":[0.167]},"t":570,"s":[100]},{"t":599.00002439777,"s":[0]}],"ix":11},"r":{"a":0,"k":-180,"ix":10},"p":{"a":0,"k":[210,446,0],"ix":2},"a":{"a":0,"k":[625,1346,0],"ix":1},"s":{"a":0,"k":[33.236,33.236,100],"ix":6}},"ao":0,"ef":[{"ty":5,"nm":"Gaussian Blur (Legacy)","np":4,"mn":"ADBE Gaussian Blur","ix":1,"en":1,"ef":[{"ty":0,"nm":"Blurriness","mn":"ADBE Gaussian Blur-0001","ix":1,"v":{"a":0,"k":0,"ix":1}},{"ty":7,"nm":"Blur Dimensions","mn":"ADBE Gaussian Blur-0002","ix":2,"v":{"a":0,"k":1,"ix":2}}]}],"w":1250,"h":2692,"ip":0,"op":599.400024414062,"st":0,"bm":0},{"ddd":0,"ind":4,"ty":0,"nm":"star_composition","refId":"comp_0","sr":1,"ks":{"o":{"a":1,"k":[{"i":{"x":[0.833],"y":[0.833]},"o":{"x":[0.167],"y":[0.167]},"t":16,"s":[0]},{"i":{"x":[0.833],"y":[0.833]},"o":{"x":[0.167],"y":[0.167]},"t":30,"s":[100]},{"i":{"x":[0.833],"y":[0.833]},"o":{"x":[0.167],"y":[0.167]},"t":570,"s":[100]},{"t":599.00002439777,"s":[0]}],"ix":11},"r":{"a":0,"k":-270,"ix":10},"p":{"a":0,"k":[422,190,0],"ix":2},"a":{"a":0,"k":[625,1346,0],"ix":1},"s":{"a":0,"k":[33.236,33.236,100],"ix":6}},"ao":0,"ef":[{"ty":5,"nm":"Gaussian Blur (Legacy)","np":4,"mn":"ADBE Gaussian Blur","ix":1,"en":1,"ef":[{"ty":0,"nm":"Blurriness","mn":"ADBE Gaussian Blur-0001","ix":1,"v":{"a":0,"k":0,"ix":1}},{"ty":7,"nm":"Blur Dimensions","mn":"ADBE Gaussian Blur-0002","ix":2,"v":{"a":0,"k":1,"ix":2}}]}],"w":1250,"h":2692,"ip":0,"op":599.400024414062,"st":0,"bm":0}],"markers":[]}