{
  "v": "4.8.0",
  "meta": {
    "g": "LottieFiles AE 3.5.2",
    "a": "",
    "k": "",
    "d": "",
    "tc": ""
  },
  "fr": 30,
  "ip": 0,
  "op": 150,
  "w": 906,
  "h": 232,
  "nm": "Композиция 1",
  "ddd": 0,
  "assets": [
    {
      "id": "comp_0",
      "layers": [
        {
          "ddd": 0,
          "ind": 1,
          "ty": 4,
          "nm": "Shape Layer 10",
          "sr": 1,
          "ks": {
            "o": {
              "a": 0,
              "k": 100,
              "ix": 11
            },
            "r": {
              "a": 0,
              "k": 0,
              "ix": 10
            },
            "p": {
              "a": 0,
              "k": [
                300,
                300,
                0
              ],
              "ix": 2
            },
            "a": {
              "a": 0,
              "k": [
                0,
                0,
                0
              ],
              "ix": 1
            },
            "s": {
              "a": 1,
              "k": [
                {
                  "i": {
                    "x": [
                      0.297,
                      0.297,
                      0.667
                    ],
                    "y": [
                      1.046,
                      1.046,
                      1
                    ]
                  },
                  "o": {
                    "x": [
                      0.167,
                      0.167,
                      0.167
                    ],
                    "y": [
                      0.167,
                      0.167,
                      0
                    ]
                  },
                  "t": 0,
                  "s": [
                    0,
                    0,
                    100
                  ]
                },
                {
                  "i": {
                    "x": [
                      0.833,
                      0.833,
                      0.833
                    ],
                    "y": [
                      0.773,
                      0.773,
                      1
                    ]
                  },
                  "o": {
                    "x": [
                      0.226,
                      0.226,
                      0.333
                    ],
                    "y": [
                      -0.013,
                      -0.013,
                      0
                    ]
                  },
                  "t": 9.944,
                  "s": [
                    49,
                    49,
                    100
                  ]
                },
                {
                  "t": 47.5,
                  "s": [
                    0,
                    0,
                    100
                  ]
                }
              ],
              "ix": 6
            }
          },
          "ao": 0,
          "shapes": [
            {
              "ind": 0,
              "ty": "sh",
              "ix": 1,
              "ks": {
                "a": 0,
                "k": {
                  "i": [
                    [
                      0,
                      0
                    ],
                    [
                      0,
                      0
                    ],
                    [
                      0,
                      0
                    ],
                    [
                      0,
                      0
                    ],
                    [
                      0,
                      0
                    ],
                    [
                      0,
                      0
                    ],
                    [
                      0,
                      0
                    ],
                    [
                      0,
                      0
                    ],
                    [
                      0,
                      0
                    ],
                    [
                      0,
                      0
                    ],
                    [
                      0,
                      0
                    ],
                    [
                      0,
                      0
                    ],
                    [
                      0,
                      0
                    ],
                    [
                      0,
                      0
                    ],
                    [
                      0,
                      0
                    ],
                    [
                      0,
                      0
                    ]
                  ],
                  "o": [
                    [
                      0,
                      0
                    ],
                    [
                      0,
                      0
                    ],
                    [
                      0,
                      0
                    ],
                    [
                      0,
                      0
                    ],
                    [
                      0,
                      0
                    ],
                    [
                      0,
                      0
                    ],
                    [
                      0,
                      0
                    ],
                    [
                      0,
                      0
                    ],
                    [
                      0,
                      0
                    ],
                    [
                      0,
                      0
                    ],
                    [
                      0,
                      0
                    ],
                    [
                      0,
                      0
                    ],
                    [
                      0,
                      0
                    ],
                    [
                      0,
                      0
                    ],
                    [
                      0,
                      0
                    ],
                    [
                      0,
                      0
                    ]
                  ],
                  "v": [
                    [
                      0,
                      -374
                    ],
                    [
                      10.566,
                      -25.509
                    ],
                    [
                      99.702,
                      -89.936
                    ],
                    [
                      25.509,
                      -10.566
                    ],
                    [
                      374,
                      0
                    ],
                    [
                      25.509,
                      10.566
                    ],
                    [
                      114.26,
                      106.26
                    ],
                    [
                      10.566,
                      25.509
                    ],
                    [
                      0,
                      374
                    ],
                    [
                      -10.566,
                      25.509
                    ],
                    [
                      -87.233,
                      80.675
                    ],
                    [
                      -25.509,
                      10.566
                    ],
                    [
                      -374,
                      0
                    ],
                    [
                      -25.509,
                      -10.566
                    ],
                    [
                      -91.558,
                      -79.702
                    ],
                    [
                      -10.566,
                      -25.509
                    ]
                  ],
                  "c": true
                },
                "ix": 2
              },
              "nm": "Контур 1",
              "mn": "ADBE Vector Shape - Group",
              "hd": false
            },
            {
              "ty": "fl",
              "c": {
                "a": 0,
                "k": [
                  1,
                  1,
                  1,
                  1
                ],
                "ix": 4
              },
              "o": {
                "a": 0,
                "k": 100,
                "ix": 5
              },
              "r": 1,
              "bm": 0,
              "nm": "Fill 1",
              "mn": "ADBE Vector Graphic - Fill",
              "hd": false
            }
          ],
          "ip": 0,
          "op": 53.75,
          "st": 0,
          "bm": 0
        },
        {
          "ddd": 0,
          "ind": 2,
          "ty": 4,
          "nm": "Shape Layer 12",
          "sr": 1,
          "ks": {
            "o": {
              "a": 0,
              "k": 100,
              "ix": 11
            },
            "r": {
              "a": 0,
              "k": 0,
              "ix": 10
            },
            "p": {
              "a": 0,
              "k": [
                300,
                300,
                0
              ],
              "ix": 2
            },
            "a": {
              "a": 0,
              "k": [
                0,
                0,
                0
              ],
              "ix": 1
            },
            "s": {
              "a": 1,
              "k": [
                {
                  "i": {
                    "x": [
                      0.297,
                      0.297,
                      0.667
                    ],
                    "y": [
                      1.046,
                      1.046,
                      1
                    ]
                  },
                  "o": {
                    "x": [
                      0.167,
                      0.167,
                      0.167
                    ],
                    "y": [
                      0.167,
                      0.167,
                      0
                    ]
                  },
                  "t": 1.25,
                  "s": [
                    0,
                    0,
                    100
                  ]
                },
                {
                  "i": {
                    "x": [
                      0.833,
                      0.833,
                      0.833
                    ],
                    "y": [
                      0.78,
                      0.78,
                      1
                    ]
                  },
                  "o": {
                    "x": [
                      0.226,
                      0.226,
                      0.333
                    ],
                    "y": [
                      -0.013,
                      -0.013,
                      0
                    ]
                  },
                  "t": 11.194,
                  "s": [
                    49,
                    49,
                    100
                  ]
                },
                {
                  "t": 47.5,
                  "s": [
                    0,
                    0,
                    100
                  ]
                }
              ],
              "ix": 6
            }
          },
          "ao": 0,
          "shapes": [
            {
              "ind": 0,
              "ty": "sh",
              "ix": 1,
              "ks": {
                "a": 0,
                "k": {
                  "i": [
                    [
                      0,
                      0
                    ],
                    [
                      0,
                      0
                    ],
                    [
                      0,
                      0
                    ],
                    [
                      0,
                      0
                    ],
                    [
                      0,
                      0
                    ],
                    [
                      0,
                      0
                    ],
                    [
                      0,
                      0
                    ],
                    [
                      0,
                      0
                    ],
                    [
                      0,
                      0
                    ],
                    [
                      0,
                      0
                    ],
                    [
                      0,
                      0
                    ],
                    [
                      0,
                      0
                    ],
                    [
                      0,
                      0
                    ],
                    [
                      0,
                      0
                    ],
                    [
                      0,
                      0
                    ],
                    [
                      0,
                      0
                    ]
                  ],
                  "o": [
                    [
                      0,
                      0
                    ],
                    [
                      0,
                      0
                    ],
                    [
                      0,
                      0
                    ],
                    [
                      0,
                      0
                    ],
                    [
                      0,
                      0
                    ],
                    [
                      0,
                      0
                    ],
                    [
                      0,
                      0
                    ],
                    [
                      0,
                      0
                    ],
                    [
                      0,
                      0
                    ],
                    [
                      0,
                      0
                    ],
                    [
                      0,
                      0
                    ],
                    [
                      0,
                      0
                    ],
                    [
                      0,
                      0
                    ],
                    [
                      0,
                      0
                    ],
                    [
                      0,
                      0
                    ],
                    [
                      0,
                      0
                    ]
                  ],
                  "v": [
                    [
                      0,
                      -374
                    ],
                    [
                      10.566,
                      -25.509
                    ],
                    [
                      99.702,
                      -89.936
                    ],
                    [
                      25.509,
                      -10.566
                    ],
                    [
                      374,
                      0
                    ],
                    [
                      25.509,
                      10.566
                    ],
                    [
                      114.26,
                      106.26
                    ],
                    [
                      10.566,
                      25.509
                    ],
                    [
                      0,
                      374
                    ],
                    [
                      -10.566,
                      25.509
                    ],
                    [
                      -87.233,
                      80.675
                    ],
                    [
                      -25.509,
                      10.566
                    ],
                    [
                      -374,
                      0
                    ],
                    [
                      -25.509,
                      -10.566
                    ],
                    [
                      -91.558,
                      -79.702
                    ],
                    [
                      -10.566,
                      -25.509
                    ]
                  ],
                  "c": true
                },
                "ix": 2
              },
              "nm": "Контур 1",
              "mn": "ADBE Vector Shape - Group",
              "hd": false
            },
            {
              "ty": "fl",
              "c": {
                "a": 0,
                "k": [
                  0.004999999888,
                  0.665000021458,
                  0.995000004768,
                  1
                ],
                "ix": 4
              },
              "o": {
                "a": 0,
                "k": 100,
                "ix": 5
              },
              "r": 1,
              "bm": 0,
              "nm": "Fill 1",
              "mn": "ADBE Vector Graphic - Fill",
              "hd": false
            }
          ],
          "ip": 1.25,
          "op": 55,
          "st": 1.25,
          "bm": 0
        },
        {
          "ddd": 0,
          "ind": 3,
          "ty": 4,
          "nm": "Shape Layer 11",
          "sr": 1,
          "ks": {
            "o": {
              "a": 0,
              "k": 100,
              "ix": 11
            },
            "r": {
              "a": 0,
              "k": 0,
              "ix": 10
            },
            "p": {
              "a": 0,
              "k": [
                300,
                300,
                0
              ],
              "ix": 2
            },
            "a": {
              "a": 0,
              "k": [
                0,
                0,
                0
              ],
              "ix": 1
            },
            "s": {
              "a": 1,
              "k": [
                {
                  "i": {
                    "x": [
                      0.297,
                      0.297,
                      0.667
                    ],
                    "y": [
                      1.046,
                      1.046,
                      1
                    ]
                  },
                  "o": {
                    "x": [
                      0.167,
                      0.167,
                      0.167
                    ],
                    "y": [
                      0.167,
                      0.167,
                      0
                    ]
                  },
                  "t": 2.5,
                  "s": [
                    0,
                    0,
                    100
                  ]
                },
                {
                  "i": {
                    "x": [
                      0.833,
                      0.833,
                      0.833
                    ],
                    "y": [
                      0.788,
                      0.788,
                      1
                    ]
                  },
                  "o": {
                    "x": [
                      0.226,
                      0.226,
                      0.333
                    ],
                    "y": [
                      -0.012,
                      -0.012,
                      0
                    ]
                  },
                  "t": 12.444,
                  "s": [
                    49,
                    49,
                    100
                  ]
                },
                {
                  "t": 47.5,
                  "s": [
                    0,
                    0,
                    100
                  ]
                }
              ],
              "ix": 6
            }
          },
          "ao": 0,
          "shapes": [
            {
              "ind": 0,
              "ty": "sh",
              "ix": 1,
              "ks": {
                "a": 0,
                "k": {
                  "i": [
                    [
                      0,
                      0
                    ],
                    [
                      0,
                      0
                    ],
                    [
                      0,
                      0
                    ],
                    [
                      0,
                      0
                    ],
                    [
                      0,
                      0
                    ],
                    [
                      0,
                      0
                    ],
                    [
                      0,
                      0
                    ],
                    [
                      0,
                      0
                    ],
                    [
                      0,
                      0
                    ],
                    [
                      0,
                      0
                    ],
                    [
                      0,
                      0
                    ],
                    [
                      0,
                      0
                    ],
                    [
                      0,
                      0
                    ],
                    [
                      0,
                      0
                    ],
                    [
                      0,
                      0
                    ],
                    [
                      0,
                      0
                    ]
                  ],
                  "o": [
                    [
                      0,
                      0
                    ],
                    [
                      0,
                      0
                    ],
                    [
                      0,
                      0
                    ],
                    [
                      0,
                      0
                    ],
                    [
                      0,
                      0
                    ],
                    [
                      0,
                      0
                    ],
                    [
                      0,
                      0
                    ],
                    [
                      0,
                      0
                    ],
                    [
                      0,
                      0
                    ],
                    [
                      0,
                      0
                    ],
                    [
                      0,
                      0
                    ],
                    [
                      0,
                      0
                    ],
                    [
                      0,
                      0
                    ],
                    [
                      0,
                      0
                    ],
                    [
                      0,
                      0
                    ],
                    [
                      0,
                      0
                    ]
                  ],
                  "v": [
                    [
                      0,
                      -374
                    ],
                    [
                      10.566,
                      -25.509
                    ],
                    [
                      99.702,
                      -89.936
                    ],
                    [
                      25.509,
                      -10.566
                    ],
                    [
                      374,
                      0
                    ],
                    [
                      25.509,
                      10.566
                    ],
                    [
                      114.26,
                      106.26
                    ],
                    [
                      10.566,
                      25.509
                    ],
                    [
                      0,
                      374
                    ],
                    [
                      -10.566,
                      25.509
                    ],
                    [
                      -87.233,
                      80.675
                    ],
                    [
                      -25.509,
                      10.566
                    ],
                    [
                      -374,
                      0
                    ],
                    [
                      -25.509,
                      -10.566
                    ],
                    [
                      -91.558,
                      -79.702
                    ],
                    [
                      -10.566,
                      -25.509
                    ]
                  ],
                  "c": true
                },
                "ix": 2
              },
              "nm": "Контур 1",
              "mn": "ADBE Vector Shape - Group",
              "hd": false
            },
            {
              "ty": "fl",
              "c": {
                "a": 0,
                "k": [
                  0.40000000596,
                  0.800000011921,
                  1,
                  1
                ],
                "ix": 4
              },
              "o": {
                "a": 0,
                "k": 100,
                "ix": 5
              },
              "r": 1,
              "bm": 0,
              "nm": "Fill 1",
              "mn": "ADBE Vector Graphic - Fill",
              "hd": false
            }
          ],
          "ip": 2.5,
          "op": 56.25,
          "st": 2.5,
          "bm": 0
        },
        {
          "ddd": 0,
          "ind": 4,
          "ty": 4,
          "nm": "Shape Layer 9",
          "sr": 1,
          "ks": {
            "o": {
              "a": 0,
              "k": 100,
              "ix": 11
            },
            "r": {
              "a": 0,
              "k": 0,
              "ix": 10
            },
            "p": {
              "a": 0,
              "k": [
                300,
                300,
                0
              ],
              "ix": 2
            },
            "a": {
              "a": 0,
              "k": [
                0,
                0,
                0
              ],
              "ix": 1
            },
            "s": {
              "a": 1,
              "k": [
                {
                  "i": {
                    "x": [
                      0.297,
                      0.297,
                      0.667
                    ],
                    "y": [
                      1.046,
                      1.046,
                      1
                    ]
                  },
                  "o": {
                    "x": [
                      0.167,
                      0.167,
                      0.167
                    ],
                    "y": [
                      0.167,
                      0.167,
                      0
                    ]
                  },
                  "t": 3.75,
                  "s": [
                    0,
                    0,
                    100
                  ]
                },
                {
                  "i": {
                    "x": [
                      0.833,
                      0.833,
                      0.833
                    ],
                    "y": [
                      0.796,
                      0.796,
                      1
                    ]
                  },
                  "o": {
                    "x": [
                      0.226,
                      0.226,
                      0.333
                    ],
                    "y": [
                      -0.012,
                      -0.012,
                      0
                    ]
                  },
                  "t": 13.694,
                  "s": [
                    49,
                    49,
                    100
                  ]
                },
                {
                  "t": 47.5,
                  "s": [
                    0,
                    0,
                    100
                  ]
                }
              ],
              "ix": 6
            }
          },
          "ao": 0,
          "shapes": [
            {
              "ind": 0,
              "ty": "sh",
              "ix": 1,
              "ks": {
                "a": 0,
                "k": {
                  "i": [
                    [
                      0,
                      0
                    ],
                    [
                      0,
                      0
                    ],
                    [
                      0,
                      0
                    ],
                    [
                      0,
                      0
                    ],
                    [
                      0,
                      0
                    ],
                    [
                      0,
                      0
                    ],
                    [
                      0,
                      0
                    ],
                    [
                      0,
                      0
                    ],
                    [
                      0,
                      0
                    ],
                    [
                      0,
                      0
                    ],
                    [
                      0,
                      0
                    ],
                    [
                      0,
                      0
                    ],
                    [
                      0,
                      0
                    ],
                    [
                      0,
                      0
                    ],
                    [
                      0,
                      0
                    ],
                    [
                      0,
                      0
                    ]
                  ],
                  "o": [
                    [
                      0,
                      0
                    ],
                    [
                      0,
                      0
                    ],
                    [
                      0,
                      0
                    ],
                    [
                      0,
                      0
                    ],
                    [
                      0,
                      0
                    ],
                    [
                      0,
                      0
                    ],
                    [
                      0,
                      0
                    ],
                    [
                      0,
                      0
                    ],
                    [
                      0,
                      0
                    ],
                    [
                      0,
                      0
                    ],
                    [
                      0,
                      0
                    ],
                    [
                      0,
                      0
                    ],
                    [
                      0,
                      0
                    ],
                    [
                      0,
                      0
                    ],
                    [
                      0,
                      0
                    ],
                    [
                      0,
                      0
                    ]
                  ],
                  "v": [
                    [
                      0,
                      -374
                    ],
                    [
                      10.566,
                      -25.509
                    ],
                    [
                      99.702,
                      -89.936
                    ],
                    [
                      25.509,
                      -10.566
                    ],
                    [
                      374,
                      0
                    ],
                    [
                      25.509,
                      10.566
                    ],
                    [
                      114.26,
                      106.26
                    ],
                    [
                      10.566,
                      25.509
                    ],
                    [
                      0,
                      374
                    ],
                    [
                      -10.566,
                      25.509
                    ],
                    [
                      -87.233,
                      80.675
                    ],
                    [
                      -25.509,
                      10.566
                    ],
                    [
                      -374,
                      0
                    ],
                    [
                      -25.509,
                      -10.566
                    ],
                    [
                      -91.558,
                      -79.702
                    ],
                    [
                      -10.566,
                      -25.509
                    ]
                  ],
                  "c": true
                },
                "ix": 2
              },
              "nm": "Контур 1",
              "mn": "ADBE Vector Shape - Group",
              "hd": false
            },
            {
              "ty": "fl",
              "c": {
                "a": 0,
                "k": [
                  1,
                  1,
                  1,
                  1
                ],
                "ix": 4
              },
              "o": {
                "a": 0,
                "k": 100,
                "ix": 5
              },
              "r": 1,
              "bm": 0,
              "nm": "Fill 1",
              "mn": "ADBE Vector Graphic - Fill",
              "hd": false
            }
          ],
          "ip": 3.75,
          "op": 57.5,
          "st": 3.75,
          "bm": 0
        }
      ]
    }
  ],
  "layers": [
    {
      "ddd": 0,
      "ind": 1,
      "ty": 0,
      "nm": "TWINKLE",
      "refId": "comp_0",
      "sr": 1,
      "ks": {
        "o": {
          "a": 0,
          "k": 100,
          "ix": 11
        },
        "r": {
          "a": 0,
          "k": 0,
          "ix": 10
        },
        "p": {
          "a": 0,
          "k": [
            135,
            27,
            0
          ],
          "ix": 2
        },
        "a": {
          "a": 0,
          "k": [
            300,
            300,
            0
          ],
          "ix": 1
        },
        "s": {
          "a": 0,
          "k": [
            29.333,
            29.333,
            100
          ],
          "ix": 6
        }
      },
      "ao": 0,
      "w": 600,
      "h": 600,
      "ip": 90,
      "op": 150,
      "st": 90,
      "bm": 0
    },
    {
      "ddd": 0,
      "ind": 2,
      "ty": 0,
      "nm": "TWINKLE",
      "refId": "comp_0",
      "sr": 1,
      "ks": {
        "o": {
          "a": 0,
          "k": 100,
          "ix": 11
        },
        "r": {
          "a": 0,
          "k": 0,
          "ix": 10
        },
        "p": {
          "a": 0,
          "k": [
            92,
            52,
            0
          ],
          "ix": 2
        },
        "a": {
          "a": 0,
          "k": [
            300,
            300,
            0
          ],
          "ix": 1
        },
        "s": {
          "a": 0,
          "k": [
            29.333,
            29.333,
            100
          ],
          "ix": 6
        }
      },
      "ao": 0,
      "w": 600,
      "h": 600,
      "ip": 40,
      "op": 100,
      "st": 40,
      "bm": 0
    },
    {
      "ddd": 0,
      "ind": 3,
      "ty": 0,
      "nm": "TWINKLE",
      "refId": "comp_0",
      "sr": 1,
      "ks": {
        "o": {
          "a": 0,
          "k": 100,
          "ix": 11
        },
        "r": {
          "a": 0,
          "k": 0,
          "ix": 10
        },
        "p": {
          "a": 0,
          "k": [
            279,
            157,
            0
          ],
          "ix": 2
        },
        "a": {
          "a": 0,
          "k": [
            300,
            300,
            0
          ],
          "ix": 1
        },
        "s": {
          "a": 0,
          "k": [
            29.333,
            29.333,
            100
          ],
          "ix": 6
        }
      },
      "ao": 0,
      "w": 600,
      "h": 600,
      "ip": 0,
      "op": 60,
      "st": 0,
      "bm": 0
    },
    {
      "ddd": 0,
      "ind": 4,
      "ty": 0,
      "nm": "TWINKLE",
      "refId": "comp_0",
      "sr": 1,
      "ks": {
        "o": {
          "a": 0,
          "k": 100,
          "ix": 11
        },
        "r": {
          "a": 0,
          "k": 0,
          "ix": 10
        },
        "p": {
          "a": 0,
          "k": [
            550,
            38,
            0
          ],
          "ix": 2
        },
        "a": {
          "a": 0,
          "k": [
            300,
            300,
            0
          ],
          "ix": 1
        },
        "s": {
          "a": 0,
          "k": [
            29.333,
            29.333,
            100
          ],
          "ix": 6
        }
      },
      "ao": 0,
      "w": 600,
      "h": 600,
      "ip": 72,
      "op": 132,
      "st": 72,
      "bm": 0
    },
    {
      "ddd": 0,
      "ind": 5,
      "ty": 0,
      "nm": "TWINKLE",
      "refId": "comp_0",
      "sr": 1,
      "ks": {
        "o": {
          "a": 0,
          "k": 100,
          "ix": 11
        },
        "r": {
          "a": 0,
          "k": 0,
          "ix": 10
        },
        "p": {
          "a": 0,
          "k": [
            685,
            167,
            0
          ],
          "ix": 2
        },
        "a": {
          "a": 0,
          "k": [
            300,
            300,
            0
          ],
          "ix": 1
        },
        "s": {
          "a": 0,
          "k": [
            29.333,
            29.333,
            100
          ],
          "ix": 6
        }
      },
      "ao": 0,
      "w": 600,
      "h": 600,
      "ip": 33,
      "op": 93,
      "st": 33,
      "bm": 0
    },
    {
      "ddd": 0,
      "ind": 6,
      "ty": 0,
      "nm": "TWINKLE",
      "refId": "comp_0",
      "sr": 1,
      "ks": {
        "o": {
          "a": 0,
          "k": 100,
          "ix": 11
        },
        "r": {
          "a": 0,
          "k": 0,
          "ix": 10
        },
        "p": {
          "a": 0,
          "k": [
            50,
            173,
            0
          ],
          "ix": 2
        },
        "a": {
          "a": 0,
          "k": [
            300,
            300,
            0
          ],
          "ix": 1
        },
        "s": {
          "a": 0,
          "k": [
            29.333,
            29.333,
            100
          ],
          "ix": 6
        }
      },
      "ao": 0,
      "w": 600,
      "h": 600,
      "ip": 84,
      "op": 144,
      "st": 84,
      "bm": 0
    }
  ],
  "markers": []
}