{
	"lowClass": [
		{
			"id":1,
			"name": "ЗАЗ 968M",
			"name_store": "АЗ 968"
		},
		{
			"id":2,
			"name": "ВАЗ 1111",
			"name_store": "АЗ 1111"
		},
		{
			"id":3,
			"name": "ВАЗ 2101",
			"name_store": "Копейка"
		},
		{
			"id":4,
			"name": "Волга 2410",
			"name_store": "АЗ 2140"
		},
		{
			"id":5,
			"name": "Volkswagen Golf 2",
			"name_store": "Goal 2"
		},
		{
			"id":6,
			"name": "ВАЗ 2107",
			"name_store": "Семерка"
		},
		{
			"id":7,
			"name": "ВАЗ 2114",
			"name_store": "Четырка"
		},
		{
			"id":8,
			"name": "ВАЗ 2115",
			"name_store": "Пятнашка"
		},
		{
			"id":9,
			"name": "Volvo 242 DL",
			"name_store": "242 DL"
		},
		{
			"id":10,
			"name": "LADA Приора",
			"name_store": "АЗ 2170"
		},
		{
			"id":11,
			"name": "BMW M3 E30",
			"name_store": "Boomer 3 E30"
		},
		{
			"id":12,
			"name": "Нива Urban",
			"name_store": "Родина 4x4"
		},
		{
			"id":13,
			"name": "Mazda 3",
			"name_store": "Sedan 3"
		},
		{
			"id":14,
			"name": "Toyota Mark II",
			"name_store": "Mark II"
		},
		{
			"id":15,
			"name": "Mercedes-Benz W124",
			"name_store": "W124"
		},
		{
			"id":16,
			"name": "Jeep Cherokee",
			"name_store": "Grand Big"
		},
		{
			"id":17,
			"name": "LADA Vesta",
			"name_store": "Nevesta"
		},
		{
			"id":18,
			"name": "Mercedes-Benz E420",
			"name_store": "E420"
		},
		{
			"id":19,
			"name": "Lada Granta",
			"name_store": "АЗ Граната"
		}
	],
	"middleClass": [
		{
			"id":1,
			"name": "Nissan Skyline R34",
			"name_store": "Sunline 34"
		},
		{
			"id":2,
			"name": "Lada Vesta SW",
			"name_store": "Nevesta"
		},
		{
			"id":3,
			"name": "Renault Logan",
			"name_store": "Roggane"
		},
		{
			"id":4,
			"name": "Audi A4",
			"name_store": "Aura 4"
		},
		{
			"id":5,
			"name": "Kia Rio",
			"name_store": "River"
		},
		{
			"id":6,
			"name": "BMW M5 E39",
			"name_store": "Boomer 5 E39"
		},
		{
			"id":7,
			"name": "Volkswagen Polo",
			"name_store": "Dulo"
		},
		{
			"id":8,
			"name": "Mercedes-Benz S600",
			"name_store": "S600 W140"
		},
		{
			"id":9,
			"name": "BMW M3 E46",
			"name_store": "Boomer 3 E46"
		},
		{
			"id":10,
			"name": "Acura TSX",
			"name_store": "TSX"
		},
		{
			"id":11,
			"name": "UAZ Patriot",
			"name_store": "Motherland"
		},
		{
			"id":12,
			"name": "UAZ Patriot (Пикап)",
			"name_store": "Motherland Pickup"
		},
		{
			"id":13,
			"name": "Volkswagen Golf",
			"name_store": "Goal"
		},
		{
			"id":14,
			"name": "BMW X5 E53",
			"name_store": "Boomer F5"
		},
		{
			"id":15,
			"name": "Ford Focus",
			"name_store": "Hocus Mocus 3"
		},
		{
			"id":16,
			"name": "Mitsubishi Lancer",
			"name_store": "Mitsu EVA"
		},
		{
			"id":17,
			"name": "BMW M5 E60",
			"name_store": "Boomer 5 E60"
		},
		{
			"id":18,
			"name": "Subaru WRX",
			"name_store": "Syberia WinR"
		},
		{
			"id":19,
			"name": "Toyota Camry",
			"name_store": "Camrita 3.5"
		},
		{
			"id":20,
			"name": "Ford Mustang",
			"name_store": "F Must"
		},
		{
			"id":21,
			"name": "Toyota Supra A80",
			"name_store": "Supra"
		},
		{
			"id":22,
			"name": "Mercedes-Benz A45",
			"name_store": "A45"
		},
		{
			"id":23,
			"name": "Alfa Romeo",
			"name_store": "Julia"
		},
		{
			"id":24,
			"name": "Infiniti Q60S",
			"name_store": "Trinity 60"
		},
		{
			"id":25,
			"name": "Volvo V60 T6",
			"name_store": "60 V"
		},
		{
			"id":26,
			"name": "BMW E38",
			"name_store": "Boomer 7 E38"
		},
		{
			"id":27,
			"name": "KIA K5",
			"name_store": "Elegant 5"
		}
	],
	"highClass": [
		{
			"id":1,
			"name": "Volvo XC90",
			"name_store": "XC90"
		},
		{
			"id":2,
			"name": "Chevrolet Camaro",
			"name_store": "Comaric"
		},
		{
			"id":3,
			"name": "BMW Z4 M40i",
			"name_store": "Boomer 4 Кабриолет"
		},
		{
			"id":4,
			"name": "BMW M4 F84",
			"name_store": "Boomer 4 F84"
		},
		{
			"id":5,
			"name": "Ford Raptor",
			"name_store": "F Pickup"
		},
		{
			"id":6,
			"name": "Audi Q8",
			"name_store": "Aura O8"
		},
		{
			"id":7,
			"name": "Dodge Demon",
			"name_store": "Demon"
		},
		{
			"id":8,
			"name": "Mercedes-Benz C63s",
			"name_store": "C63s"
		},
		{
			"id":9,
			"name": "Mercedes-Benz GT63s",
			"name_store": "GT63s"
		},
		{
			"id":10,
			"name": "Audi Q7",
			"name_store": "Aura O7"
		},
		{
			"id":11,
			"name": "Cadillac Escalade (Старый)",
			"name_store": "Escaludore"
		},
		{
			"id":12,
			"name": "Toyota Land Cruiser 200",
			"name_store": "LC 200"
		},
		{
			"id":13,
			"name": "Nissan GT-R",
			"name_store": "N GT-R 35"
		},
		{
			"id":14,
			"name": "BMX X6M",
			"name_store": "Boomer F6"
		},
		{
			"id":15,
			"name": "Porsche Panamera",
			"name_store": "Panama"
		},
		{
			"id":16,
			"name": "Audi RS6 (Дорест)",
			"name_store": "Aura Road 6"
		},
		{
			"id":17,
			"name": "Porsche 911",
			"name_store": "911 S"
		},
		{
			"id":18,
			"name": "Mercedes-Benz GLS",
			"name_store": "Geep 400LS"
		},
		{
			"id":19,
			"name": "BMW M5 F90",
			"name_store": "Boomer 5 F90"
		},
		{
			"id":20,
			"name": "Audi RS7",
			"name_store": "Aura Road 7 Sport"
		},
		{
			"id":21,
			"name": "Range Rover",
			"name_store": "RR jip"
		},
		{
			"id":22,
			"name": "Audi RS6 (Рест)",
			"name_store": "Aura Road 6 C7"
		},
		{
			"id":42,
			"name": "BMW X7",
			"name_store": "Boomer F7"
		},
		{
			"id":23,
			"name": "Audi R8",
			"name_store": "Aura Road 8"
		},
		{
			"id":43,
			"name": "Lexus LX570",
			"name_store": "Luxe 4x4"
		},
		{
			"id":24,
			"name": "Mercedes-Benz E63s",
			"name_store": "E63s"
		},
		{
			"id":25,
			"name": "Cadillac Escalade 2021",
			"name_store": "Escaludore"
		},
		{
			"id":26,
			"name": "BMW i8",
			"name_store": "Boomer 8 Roadster"
		},
		{
			"id":27,
			"name": "Mercedes-Benz GT-R",
			"name_store": "M GT-R"
		},
		{
			"id":28,
			"name": "McLaren 600 LT",
			"name_store": "600 LT"
		},
		{
			"id":29,
			"name": "Tesla Model S",
			"name_store": "Electra S"
		},
		{
			"id":30,
			"name": "Lamborghini Urus",
			"name_store": "Lumus"
		},
		{
			"id":31,
			"name": "Lamborghini Huracan",
			"name_store": "Uragan"
		},
		{
			"id":32,
			"name": "Mercedes-Benz G65",
			"name_store": "Gelik 65"
		},
		{
			"id":33,
			"name": "Ferrari 488",
			"name_store": "488 Good"
		},
		{
			"id":34,
			"name": "Aston Martin DB11",
			"name_store": "AMerlin 11"
		},
		{
			"id":35,
			"name": "Lamborghini Aventador",
			"name_store": "Emperador"
		},
		{
			"id":36,
			"name": "Tesla Model X",
			"name_store": "Electra X"
		},
		{
			"id":44,
			"name": "Mercedes-Benz G63",
			"name_store": "Gelik 63"
		},
		{
			"id":37,
			"name": "Maybach S650",
			"name_store": "S650"
		},
		{
			"id":38,
			"name": "RR Cullinan",
			"name_store": "Amber"
		},
		{
			"id":39,
			"name": "RR Phantom",
			"name_store": "Sapphire"
		},
		{
			"id":40,
			"name": "Bugatti Divo",
			"name_store": "Divero"
		},
		{
			"id":41,
			"name": "Bugatti La Noire",
			"name_store": "La Noire"
		},
		{
			"id":42,
			"name": "BMW M8 F92",
			"name_store": "Boomer 8 F92"
		},
		{
			"id":43,
			"name": "Porsche Taycan",
			"name_store": "Taigan"
		},
		{
			"id":44,
			"name": "BMW M8 F93",
			"name_store": "Boomer 8 F93"
		},
		{
			"id":45,
			"name": "RR Wraith",
			"name_store": "Diamond"
		}
	],
	"motoClass": [
		{
			"id":1,
			"name": "Скутер",
			"name_store": "Moto Light"
		},
		{
			"id":2,
			"name": "Aprilla MXV",
			"name_store": "Moto MXV"
		},
		{
			"id":3,
			"name": "Ducati SuperSport",
			"name_store": "Moto SuperSport"
		},
		{
			"id":4,
			"name": "Ducati XDiavel",
			"name_store": "Moto Diavel"
		},
		{
			"id":5,
			"name": "Yamaha FZ-10",
			"name_store": "Moto Yama"
		},
		{
			"id":6,
			"name": "Yamaha YZF-R6",
			"name_store": "Moto Yama R6"
		},
		{
			"id":7,
			"name": "BMW S 1000",
			"name_store": "Moto S1000"
		},
		{
			"id":8,
			"name": "Suzuki GSX-R750",
			"name_store": "GSX 750"
		},
		{
			"id":9,
			"name": "Kawasaki Ninja H2R",
			"name_store": "Moto Nindzya"
		}
	],
	"uniqueClass": [
		{
			"id":1,
			"name": "Mercedes-Benz СМИ",
			"name_store": "M Sprint ГТРК"
		},
		{
			"id":2,
			"name": "LADA Приора (ППС)",
			"name_store": "АЗ 2170 ППС"
		},
		{
			"id":3,
			"name": "ГАЗ ТИГР",
			"name_store": "АЗ Тигр"
		},
		{
			"id":4,
			"name": "Mercedes-Benz СКОРАЯ",
			"name_store": "M Sprint СМП"
		},
		{
			"id":5,
			"name": "Volkswagen Jetta (ППС)",
			"name_store": "Gretta ППС"
		},
		{
			"id":6,
			"name": "BMW M5 F90 (ППС)",
			"name_store": "Boomer 5 F90 ППС"
		},
		{
			"id":7,
			"name": "Jaguar Xk120",
			"name_store": "Panthera Old"
		},
		{
			"id":8,
			"name": "Mercedes-Benz 300SL",
			"name_store": "Old Coupe"
		},
		{
			"id":9,
			"name": "Mazda RX-7",
			"name_store": "RX-7"
		},
		{
			"id":10,
			"name": "Morris Minor",
			"name_store": "Borris Minor"
		},
		{
			"id":11,
			"name": "Mercury Coupe",
			"name_store": "Mercy Coupe"
		},
		{
			"id":12,
			"name": "ГАЗ-69",
			"name_store": "АЗ 69"
		}
	],
	"accessories": [
		{
			"id":1,
			"name": "Рюкзак LV",
			"name_store": "Рюкзак"
		},
		{
			"id":2,
			"name": "Рюкзак Nike(желтый)",
			"name_store": "Рюкзак Желтый"
		},
		{
			"id":3,
			"name": "Рюкзак Puma(фиолетовый)",
			"name_store": "Рюкзак Фиолетовый"
		},
		{
			"id":4,
			"name": "Поясная сумка Gucci",
			"name_store": "Поясная сумка"
		},
		{
			"id":5,
			"name": "Спортивная сумка Supreme",
			"name_store": "Спортивная сумка красная"
		},
		{
			"id":6,
			"name": "Рюкзак Gucci(разноцветный)",
			"name_store": "Рюкзак разноцветный"
		},
		{
			"id":7,
			"name": "Сумка Gucci(с павлином)",
			"name_store": "Сумка с павлином"
		},
		{
			"id":8,
			"name": "Кепка Gucci(красная)",
			"name_store": "Кепка красная"
		},
		{
			"id":9,
			"name": "Кепка Россия(белая)"
		},
		{
			"id":10,
			"name": "Кепка Спартак(белая)"
		},
		{
			"id":11,
			"name": "Кепка BlackRussia(черная)"
		},
		{
			"id":12,
			"name": "Кепка ЦСКА(черная)"
		},
		{
			"id":13,
			"name": "Авиаторы с фиол. линзами"
		},
		{
			"id":14,
			"name": "Маленькие авиаторы с фиол. линзами"
		},
		{
			"id":15,
			"name": "Черные очки с черными линзами"
		},
		{
			"id":16,
			"name": "Маленькие авиаторы с черными линзами"
		},
		{
			"id":17,
			"name": "Черные очки с прозрачными линзами"
		},
		{
			"id":18,
			"name": "Поясная сумка Nike",
			"name_store": "Поясная сумка"
		},
		{
			"id":19,
			"name": "Поясная сумка TheNorthFace",
			"name_store": "Поясная сумка"
		},
		{
			"id":20,
			"name": "Поясная сумка LV",
			"name_store": "Поясная сумка"
		},
		{
			"id":21,
			"name": "Apple Watch 5 series (черные)",
			"name_store": "Часы черные"
		},
		{
			"id":22,
			"name": "Apple Watch 5 series (белые)",
			"name_store": "Часы белые"
		},
		{
			"id":23,
			"name": "Часы 'Silver Casio'",
			"name_store": "Часы серебряные"
		},
		{
			"id":24,
			"name": "Часы 'Black Casio'",
			"name_store": "Часы черные"
		},
		{
			"id":25,
			"name": "Часы 'Gold Casio'",
			"name_store": "Часы золотые"
		},
		{
			"id":26,
			"name": "Акустическая гитара"
		},
		{
			"id":27,
			"name": "Black Electro"
		},
		{
			"id":28,
			"name": "High Rock"
		},
		{
			"id":29,
			"name": "Скейт Tony Hawk",
			"name_store": "Скейт"
		},
		{
			"id":30,
			"name": "Скейт HooPla",
			"name_store": "Скейт"
		},
		{
			"id":31,
			"name": "Доска - скейтборд"
		},
		{
			"id":32,
			"name": "Скейт Rise",
			"name_store": "Скейт"
		},
		{
			"id":33,
			"name": "Женская сумка (черная)"
		},
		{
			"id":34,
			"name": "Женская сумка (оранжевая)"
		},
		{
			"id":35,
			"name": "Женская сумка (красная)"
		},
		{
			"id":36,
			"name": "Женская сумка (голубая)"
		},
		{
			"id":37,
			"name": "Женская сумка (зеленая)"
		},
		{
			"id":38,
			"name": "Женская сумка (фиолетовая)"
		},
		{
			"id":39,
			"name": "Маска 'Black Cute'"
		},
		{
			"id":40,
			"name": "Маска 'White Cute'"
		},
		{
			"id":41,
			"name": "Маска 'Anti Social Club'"
		},
		{
			"id":42,
			"name": "Маска 'Purple Smile'"
		},
		{
			"id":43,
			"name": "Маска 'Red Smile'"
		},
		{
			"id":44,
			"name": "Маска 'Black Smile'"
		},
		{
			"id":45,
			"name": "Белая маска"
		},
		{
			"id":46,
			"name": "Черная маска"
		},
		{
			"id":47,
			"name": "Сумка Gucci(с павлином)",
			"name_store": "Сумка с павлином"
		},
		{
			"id":48,
			"name": "BlackRussia маска (черная)"
		},
		{
			"id":49,
			"name": "BlackRussia маска (белая)"
		},
		{
			"id":50,
			"name": "Фиолетовая призрачная кепка"
		},
		{
			"id":51,
			"name": "Красная призрачная кепка"
		},
		{
			"id":52,
			"name": "Голубая призрачная кепка"
		},
		{
			"id":53,
			"name": "Рюкзак 'Scared Smile' (Голубой)"
		},
		{
			"id":54,
			"name": "Рюкзак 'Scared Smile' (Фиолетовый)"
		},
		{
			"id":55,
			"name": "Рюкзак 'Scared Smile' (Красный)"
		},
		{
			"id":56,
			"name": "Хоккейная маска"
		},
		{
			"id":57,
			"name": "Зеленая маска зомби"
		},
		{
			"id":58,
			"name": "Красная маска дьявола"
		},
		{
			"id":59,
			"name": "Оранжевая маска дьявола"
		},
		{
			"id":60,
			"name": "Черная маска дьявола"
		},
		{
			"id":61,
			"name": "Темная маска тыквы"
		},
		{
			"id":62,
			"name": "Зеленая маска тыквы"
		},
		{
			"id":63,
			"name": "Оранжевая маска тыквы"
		},
		{
			"id":64,
			"name": "Маска зомби"
		},
		{
			"id":65,
			"name": "Новогодняя шапка"
		},
		{
			"id":66,
			"name": "Шапка Hello Kitty"
		},
		{
			"id":67,
			"name": "Новогодний шарф"
		},
		{
			"id":68,
			"name": "Зимняя шапка"
		},
		{
			"id":69,
			"name": "Маска снеговика"
		},
		{
			"id":70,
			"name": "Серая шапка Adidas",
			"name_store": "Серая шапка"
		},
		{
			"id":71,
			"name": "Красная шапка Adidas",
			"name_store": "Красная шапка"
		},
		{
			"id":72,
			"name": "Черная шапка Adidas",
			"name_store": "Черная шапка"
		},
		{
			"id":73,
			"name": "Красная шапка Nike",
			"name_store": "Красная шапка"
		},
		{
			"id":74,
			"name": "Черная шапка Nike",
			"name_store": "Черная шапка"
		},
		{
			"id":75,
			"name": "Серая шапка Nike",
			"name_store": "Серая шапка"
		},
		{
			"id":76,
			"name": "Берет Gucci",
			"name_store": "Берет"
		},
		{
			"id":77,
			"name": "Деревянный посох"
		},
		{
			"id":78,
			"name": "Зеленая шапка с помпоном"
		},
		{
			"id":79,
			"name": "Оранжевая шапка с помпоном"
		},
		{
			"id":80,
			"name": "Черная шапка Calvin Klein",
			"name_store": "Черная шапка"
		},
		{
			"id":81,
			"name": "Синяя шапка Calvin Klein",
			"name_store": "Синяя шапка"
		},
		{
			"id":82,
			"name": "Красная шапка Calvin Klein",
			"name_store": "Красная шапка"
		},
		{
			"id":83,
			"name": "Оранжевая шапка Calvin Klein",
			"name_store": "Оранжевая шапка"
		},
		{
			"id":84,
			"name": "Серая шапка Calvin Klein",
			"name_store": "Серая шапка"
		},
		{
			"id":85,
			"name": "Фиолетовая шапка Calvin Klein",
			"name_store": "Фиолетовая шапка"
		},
		{
			"id":86,
			"name": "Зеленый Calvin Klein",
			"name_store": "Зеленая шапка"
		},
		{
			"id":87,
			"name": "Карамельная конфета"
		},
		{
			"id":88,
			"name": "Черная зимняя кепка"
		},
		{
			"id":89,
			"name": "Камуфляжная зимняя кепка"
		},
		{
			"id":90,
			"name": "Красная зимняя кепка"
		},
		{
			"id":91,
			"name": "Зеленая зимняя кепка"
		},
		{
			"id":92,
			"name": "Синяя зимняя кепка"
		},
		{
			"id":93,
			"name": "Коричневая зимняя кепка"
		},
		{
			"id":94,
			"name": "Белая панама с сигарой"
		},
		{
			"id":95,
			"name": "Красный зимний рюкзак"
		},
		{
			"id":96,
			"name": "Синий зимний рюкзак"
		},
		{
			"id":97,
			"name": "Зеленый зимний рюкзак"
		},
		{
			"id":98,
			"name": "Красная шапка Puma",
			"name_store": "Красная шапка"
		},
		{
			"id":99,
			"name": "Черная шапка Puma",
			"name_store": "Черная шапка"
		},
		{
			"id":100,
			"name": "Желтая шапка Puma",
			"name_store": "Желтая шапка"
		},
		{
			"id":101,
			"name": "Белая шапка Puma",
			"name_store": "Белая шапка"
		},
		{
			"id":102,
			"name": "Зеленая шапка Puma",
			"name_store": "Зеленая шапка"
		},
		{
			"id":103,
			"name": "Синяя шапка Puma",
			"name_store": "Синяя шапка"
		},
		{
			"id":104,
			"name": "Белая панама Gucci",
			"name_store": "Белая панама"
		},
		{
			"id":105,
			"name": "Черная панама Gucci",
			"name_store": "Черная панама"
		},
		{
			"id":106,
			"name": "Черная панама Adidas",
			"name_store": "Черная панама"
		},
		{
			"id":107,
			"name": "Синяя панама Adidas",
			"name_store": "Синяя панама"
		},
		{
			"id":108,
			"name": "Красная панама Adidas",
			"name_store": "Красная панама"
		},
		{
			"id":109,
			"name": "Низкая шапка желтая"
		},
		{
			"id":110,
			"name": "Низкая шапка синяя"
		},
		{
			"id":111,
			"name": "Низкая шапка зеленая"
		},
		{
			"id":112,
			"name": "Низкая шапка красная"
		},
		{
			"id":113,
			"name": "Низкая шапка серая"
		},
		{
			"id":114,
			"name": "Высокая панама Gucci",
			"name_store": "Высокая панама"
		},
		{
			"id":115,
			"name": "Черная панама Nike",
			"name_store": "Черная панама"
		},
		{
			"id":116,
			"name": "Белая панама Nike",
			"name_store": "Белая панама"
		},
		{
			"id":117,
			"name": "Красная панама Nike",
			"name_store": "Красная панама"
		},
		{
			"id":118,
			"name": "Синяя панама Nike",
			"name_store": "Синяя панама"
		},
		{
			"id":119,
			"name": "Зеленая панама Nike",
			"name_store": "Зеленая панама"
		},
		{
			"id":120,
			"name": "Черная шапка LV",
			"name_store": "Черная шапка"
		},
		{
			"id":121,
			"name": "Белая шапка LV",
			"name_store": "Белая шапка"
		},
		{
			"id":122,
			"name": "Красная шапка LV",
			"name_store": "Красная шапка"
		},
		{
			"id":123,
			"name": "Синяя шапка LV",
			"name_store": "Синяя шапка"
		},
		{
			"id":124,
			"name": "Новогодний посох-зонт"
		},
		{
			"id":125,
			"name": "Кандибобер красный"
		},
		{
			"id":126,
			"name": "Кандибобер синий"
		},
		{
			"id":127,
			"name": "Кандибобер желтый"
		},
		{
			"id":128,
			"name": "Кандибобер серый"
		},
		{
			"id":129,
			"name": "Кандибобер розовый"
		},
		{
			"id":130,
			"name": "Серая панама обычная"
		},
		{
			"id":131,
			"name": "Красные наушники на голову"
		},
		{
			"id":132,
			"name": "Фиолетовые наушники на голову"
		},
		{
			"id":133,
			"name": "Светлофиолетовые наушники на голову"
		},
		{
			"id":134,
			"name": "Желтые наушники на голову"
		},
		{
			"id":135,
			"name": "Красные наушники на голову"
		},
		{
			"id":136,
			"name": "Серые наушники-пингвин с коричневым поводком"
		},
		{
			"id":137,
			"name": "Серые наушники-пингвин с серым поводком"
		},
		{
			"id":138,
			"name": "Фиолетовые наушники-пингвин с коричневым поводком"
		},
		{
			"id":139,
			"name": "Фиолетовые наушники-пингвин с серым поводком"
		},
		{
			"id":140,
			"name": "Синие наушники-пингвин с коричневым поводком"
		},
		{
			"id":141,
			"name": "Красные наушники-пингвин с коричневым поводком"
		},
		{
			"id":142,
			"name": "Зеленые наушники-пингвин с коричневым поводком"
		},
		{
			"id":143,
			"name": "Желтые наушники-пингвин с коричневым поводком"
		},
		{
			"id":144,
			"name": "Кремовые наушники-пингвин с коричневым поводком"
		},
		{
			"id":145,
			"name": "Синие наушники-пингвин с синим поводком"
		},
		{
			"id":146,
			"name": "Красные наушники с красным поводком"
		},
		{
			"id":147,
			"name": "Зеленые наушники-пингвин с зеленым поводком"
		},
		{
			"id":148,
			"name": "Желтые наушники с желтым поводком"
		},
		{
			"id":149,
			"name": "Фиолетовые наушники с ушками"
		},
		{
			"id":150,
			"name": "Сиреневые наушники с ушками"
		},
		{
			"id":151,
			"name": "Оранжевые наушники с ушками"
		},
		{
			"id":152,
			"name": "Синие наушники с ушками"
		},
		{
			"id":153,
			"name": "Красная зимняя кепка"
		},
		{
			"id":154,
			"name": "Зелено-синяя зимняя кепка"
		},
		{
			"id":155,
			"name": "Светлая зимняя кепка"
		},
		{
			"id":156,
			"name": "Сине-зелено-красная зимняя кепка"
		},
		{
			"id":157,
			"name": "Красно-зеленая зимняя кепка"
		},
		{
			"id":158,
			"name": "Коричневый шарф"
		},
		{
			"id":159,
			"name": "Синий шарф"
		},
		{
			"id":160,
			"name": "Зеленый шарф"
		},
		{
			"id":161,
			"name": "Черный шарф"
		},
		{
			"id":162,
			"name": "Коричневый шарф"
		},
		{
			"id":163,
			"name": "Белый шарф"
		},
		{
			"id":164,
			"name": "Черный шарф"
		},
		{
			"id":165,
			"name": "Шарф Gucci",
			"name_store": "Шарф"
		},
		{
			"id":166,
			"name": "Синий посох со льдом"
		},
		{
			"id":167,
			"name": "Синий посох со снежинкой"
		},
		{
			"id":168,
			"name": "Голубой посох со льдом"
		},
		{
			"id":169,
			"name": "Коричневая шапка TNF",
			"name_store": "Коричневая шапка"
		},
		{
			"id":170,
			"name": "Черная шапка TNF",
			"name_store": "Черная шапка"
		},
		{
			"id":171,
			"name": "Белая шапка TNF",
			"name_store": "Белая шапка"
		},
		{
			"id":172,
			"name": "Синяя шапка TNF",
			"name_store": "Синяя шапка"
		},
		{
			"id":173,
			"name": "Зеленая шапка TNF",
			"name_store": "Зеленая шапка"
		},
		{
			"id":174,
			"name": "Красная шапка с помпоном и шариками"
		},
		{
			"id":175,
			"name": "Салатовая шапка с помпоном и шариками"
		},
		{
			"id":176,
			"name": "Зеленая шапка с помпоном и шариками"
		},
		{
			"id":177,
			"name": "Синяя шапка с помпоном и шариками"
		},
		{
			"id":178,
			"name": "Фиолетовая шапка с помпоном и шариками"
		},
		{
			"id":179,
			"name": "Красная шапка с красным помпоном и узором"
		},
		{
			"id":180,
			"name": "Красная шапка с белым помпоном и узором"
		},
		{
			"id":181,
			"name": "Синяя шапка с помпоном и узором"
		},
		{
			"id":182,
			"name": "Зеленая шапка с белым помпоном и узором"
		},
		{
			"id":183,
			"name": "Бирюзовая шапка с белым помпоном и узором"
		},
		{
			"id":184,
			"name": "Новогодний топорик"
		},
		{
			"id":185,
			"name": "Голубая шапка с помпоном"
		},
		{
			"id":186,
			"name": "Красная шапка с помпоном"
		},
		{
			"id":187,
			"name": "Фиолетово-зеленая шапка с помпоном"
		},
		{
			"id":188,
			"name": "Синяя шапка с красным помпоном"
		},
		{
			"id":189,
			"name": "Черная шапка с помпоном"
		},
		{
			"id":190,
			"name": "Новогодняя палочка с кристаллом"
		},
		{
			"id":191,
			"name": "Разноцветная шапка для пацанов"
		},
		{
			"id":192,
			"name": "Очки-сердечки"
		},
		{
			"id":193,
			"name": "Рюкзак 'Котик'"
		},
		{
			"id":194,
			"name": "Рюкзак 'Санта-Клауса'"
		},
		{
			"id":195,
			"name": "Розовые очки 'Крылья летучей мыши'"
		},
		{
			"id":196,
			"name": "Очки 'Red Bloody'"
		},
		{
			"id":197,
			"name": "Очки 'Крылья бабочки'"
		},
		{
			"id":198,
			"name": "Черная панама с сигарой"
		},
		{
			"id":199,
			"name": "Серая панама с сигарой"
		},
		{
			"id":200,
			"name": "Темная панама с сигарой"
		},
		{
			"id":201,
			"name": "Очки Глаза кошки"
		},
		{
			"id":202,
			"name": "Очки Облака с грозой"
		},
		{
			"id":203,
			"name": "Очки Новогодние с рогами"
		},
		{
			"id":204,
			"name": "Новогодняя шапка с рогами"
		},
		{
			"id":205,
			"name": "Очки Моргающие глаза"
		},
		{
			"id":206,
			"name": "Очки Пламя"
		},
		{
			"id":207,
			"name": "Прямые очки Огонь"
		},
		{
			"id":208,
			"name": "Очки Оранжевые огни"
		},
		{
			"id":209,
			"name": "Розовые очки сердечки"
		},
		{
			"id":210,
			"name": "Голубые очки-звездочки"
		},
		{
			"id":211,
			"name": "Шапка гнома с бородой"
		},
		{
			"id":212,
			"name": "Гринч",
			"name_store": "Зеленая маска"
		},
		{
			"id":213,
			"name": "Новогодняя шапка с гирляндой"
		},
		{
			"id":214,
			"name": "Гребешок с ушками и рогами"
		},
		{
			"id":215,
			"name": "Коричневый гребешок с ушками и рогами"
		},
		{
			"id":216,
			"name": "Очки Анимированный салют"
		},
		{
			"id":217,
			"name": "Маска кошечки"
		},
		{
			"id":218,
			"name": "Маска тигра"
		},
		{
			"id":219,
			"name": "Прямые очки Матрица"
		},
		{
			"id":220,
			"name": "Рюкзак Олаф",
			"name_store": "Рюкзак снеговик"
		},
		{
			"id":221,
			"name": "Рюкзак Новогоднего оленя"
		},
		{
			"id":222,
			"name": "Борода"
		},
		{
			"id":223,
			"name": "Шарф с тигровой шерстью"
		},
		{
			"id":224,
			"name": "Очки с падающими снежинками"
		},
		{
			"id":225,
			"name": "Очки Сквидвард",
			"name_store": "Очки"
		},
		{
			"id":226,
			"name": "Голубой посох со снежинкой и узором"
		},
		{
			"id":227,
			"name": "Очки Санрайз у воды"
		},
		{
			"id":228,
			"name": "Новогодняя шапка птички"
		},
		{
			"id":229,
			"name": "Прямые очки WARNING"
		},
		{
			"id":230,
			"name": "Очки голубые крылья"
		},
		{
			"id":231,
			"name": "Зеленый берет"
		},
		{
			"id":232,
			"name": "Красный берет"
		},
		{
			"id":233,
			"name": "Синий берет"
		},
		{
			"id":234,
			"name": "Салатовый берет"
		},
		{
			"id":235,
			"name": "Желтый берет"
		},
		{
			"id":236,
			"name": "Красная шапка Sport"
		},
		{
			"id":237,
			"name": "Голубая шапка Sport"
		},
		{
			"id":238,
			"name": "Светлая панама"
		},
		{
			"id":239,
			"name": "Темная панама"
		},
		{
			"id":240,
			"name": "Черная шапка-ушанка"
		},
		{
			"id":241,
			"name": "Кремовая шапка-ушанка"
		},
		{
			"id":242,
			"name": "Красная шапка ушанка"
		},
		{
			"id":243,
			"name": "Синяя шапка ушанка"
		},
		{
			"id":244,
			"name": "Зеленая шапка ушанка"
		},
		{
			"id":245,
			"name": "Черная шапка с помпоном"
		},
		{
			"id":246,
			"name": "Белая шапка с помпоном"
		},
		{
			"id":247,
			"name": "Серая шапка с помпоном"
		}
	]
	
}