[{"text":"Администратор никогда не попросит Вашего пароля"},{"text":"В нашей группе есть бот для привязки и восстановления пароля"},{"text":"BLACK RUSSIA - первый и самый популярный CRMP mobile проект"}, {"text":"Вид от 1-го лица включается обычным свайпом двумя пальцами"}, {"text":"Мы очень стараемся для Вас"}]